
{
	"providers":[
		
		{
            		"type": "bitmap",
            		"file": "minecraft:font/space_split.png",
            		"ascent": -32768,
            		"height": -3,
            		"chars": [
                		"🯷"
            		]
        	},
        	{
            		"type": "bitmap",
            		"file": "minecraft:font/space_split.png",
            		"ascent": -32768,
            		"height": -10,
            		"chars": [
                		"🯸"
            		]
        	},
        	{
            		"type": "bitmap",
            		"file": "minecraft:font/space_split.png",
            		"ascent": -32768,
            		"height": -50,
            		"chars": [
                		"🯹"
            		]
        	}
	]
}