
{
	"providers":[
		
		{
            "type": "reference",
            "id": "minecraft:include/space"
        },{
            		"type": "bitmap",
            		"file": "minecraft:font/space_split.png",
            		"ascent": -32768,
            		"height": -3,
            		"chars": [
                		"🯷"
            		]
        	},
        	{
            		"type": "bitmap",
            		"file": "minecraft:font/space_split.png",
            		"ascent": -32768,
            		"height": -10,
            		"chars": [
                		"🯸"
            		]
        	},
        	{
            		"type": "bitmap",
            		"file": "minecraft:font/space_split.png",
            		"ascent": -32768,
            		"height": -50,
            		"chars": [
                		"🯹"
            		]
        	},{
				"type": "bitmap",
				"file": "minecraft:custom/1.png",
				"ascent": -10,
				"height": 24,
				"chars": ["1"]
			},{
				"type": "bitmap",
				"file": "minecraft:custom/2.png",
				"ascent": -10,
				"height": 24,
				"chars": ["2"]
			},{
				"type": "bitmap",
				"file": "minecraft:custom/3.png",
				"ascent": -10,
				"height": 24,
				"chars": ["3"]
			},{
				"type": "bitmap",
				"file": "minecraft:custom/4.png",
				"ascent": -10,
				"height": 24,
				"chars": ["4"]
			},{
				"type": "bitmap",
				"file": "minecraft:custom/5.png",
				"ascent": -10,
				"height": 24,
				"chars": ["5"]
			},{
				"type": "bitmap",
				"file": "minecraft:custom/6.png",
				"ascent": -10,
				"height": 24,
				"chars": ["6"]
			},{
				"type": "bitmap",
				"file": "minecraft:custom/7.png",
				"ascent": -10,
				"height": 24,
				"chars": ["7"]
			},{
				"type": "bitmap",
				"file": "minecraft:custom/8.png",
				"ascent": -10,
				"height": 24,
				"chars": ["8"]
			},{
				"type": "bitmap",
				"file": "minecraft:custom/9.png",
				"ascent": -10,
				"height": 24,
				"chars": ["9"]
			},{
				"type": "bitmap",
				"file": "minecraft:custom/0.png",
				"ascent": -10,
				"height": 24,
				"chars": ["0"]
			},{
				"type": "bitmap",
				"file": "minecraft:custom/percent.png",
				"ascent": -10,
				"height": 24,
				"chars": ["%"]
			},{
				"type": "bitmap",
				"file": "minecraft:custom/hp1.png",
				"ascent": 256,
				"height": 1024,
				"chars": ["a"]
			},{
				"type": "bitmap",
				"file": "minecraft:custom/hp2.png",
				"ascent": 256,
				"height": 1024,
				"chars": ["b"]
			},{
				"type": "bitmap",
				"file": "minecraft:custom/hp3.png",
				"ascent": 256,
				"height": 1024,
				"chars": ["c"]
			},{
				"type": "bitmap",
				"file": "minecraft:custom/hp4.png",
				"ascent": 256,
				"height": 1024,
				"chars": ["d"]
			},{
				"type": "bitmap",
				"file": "minecraft:custom/hp5.png",
				"ascent": 256,
				"height": 1024,
				"chars": ["e"]
			},{
				"type": "bitmap",
				"file": "minecraft:custom/hp6.png",
				"ascent": 256,
				"height": 1024,
				"chars": ["f"]
			}
	]
}