{
	"credit": "Made with Blockbench",
	"ambientocclusion": false,
	"textures": {
		"0": "block/original/exposed_cut_copper",
		"1": "block/original/exposed_copper",
		"particle": "block/original/exposed_cut_copper"
	},
	"elements": [
		{
			"from": [6.5, 0.005, 6.5],
			"to": [9.5, 10.005, 9.5],
			"rotation": {"angle": 0, "axis": "x", "origin": [8, 5.0025, 8]},
			"faces": {
				"north": {"uv": [0.5, 0.5, 3.5, 10.5], "rotation": 180, "texture": "#0"},
				"east": {"uv": [3.5, 0.5, 0.5, 10.5], "rotation": 180, "texture": "#0"},
				"south": {"uv": [0.5, 0.5, 3.5, 10.5], "rotation": 180, "texture": "#0"},
				"west": {"uv": [3.5, 0.5, 0.5, 10.5], "rotation": 180, "texture": "#0"},
				"up": {"uv": [0.5, 0.5, 3.5, 3.5], "texture": "#0"},
				"down": {"uv": [0.5, 0.5, 3.5, 3.5], "texture": "#0"}
			}
		},
		{
			"from": [6, 0.035, 7],
			"to": [10, 9.985, 9],
			"rotation": {"angle": 0, "axis": "x", "origin": [8, 5.0025, 8]},
			"faces": {
				"north": {"uv": [0.5, 0.5, 4.5, 10.45], "rotation": 180, "texture": "#0"},
				"east": {"uv": [2.5, 0.5, 0.5, 10.45], "rotation": 180, "texture": "#0"},
				"south": {"uv": [0.5, 0.5, 4.5, 10.45], "rotation": 180, "texture": "#0"},
				"west": {"uv": [2.5, 0.5, 0.5, 10.45], "rotation": 180, "texture": "#0"},
				"up": {"uv": [0.5, 0.5, 4.5, 2.5], "texture": "#0"},
				"down": {"uv": [0.5, 0.5, 4.5, 2.5], "texture": "#0"}
			}
		},
		{
			"from": [7, 0.045, 6],
			"to": [9, 9.945, 10],
			"rotation": {"angle": 0, "axis": "x", "origin": [8, 5.0025, 8]},
			"faces": {
				"north": {"uv": [0.5, 0.5, 2.5, 10.4], "rotation": 180, "texture": "#0"},
				"east": {"uv": [4.5, 0.5, 0.5, 10.4], "rotation": 180, "texture": "#0"},
				"south": {"uv": [0.5, 0.5, 2.5, 10.4], "rotation": 180, "texture": "#0"},
				"west": {"uv": [4.5, 0.5, 0.5, 10.4], "rotation": 180, "texture": "#0"},
				"up": {"uv": [0.5, 0.5, 2.5, 4.5], "texture": "#0"},
				"down": {"uv": [0.5, 0.5, 2.5, 4.5], "texture": "#0"}
			}
		},
		{
			"from": [7.5, 10.03, 1],
			"to": [8.5, 11.03, 15],
			"rotation": {"angle": 45, "axis": "y", "origin": [8, 10.5, 8]},
			"faces": {
				"north": {"uv": [1, 1, 2, 2], "texture": "#1"},
				"east": {"uv": [1, 1, 15, 2], "texture": "#1"},
				"south": {"uv": [1, 1, 2, 2], "texture": "#1"},
				"west": {"uv": [1, 1, 15, 2], "texture": "#1"},
				"up": {"uv": [1, 1, 15, 2], "rotation": 270, "texture": "#1"},
				"down": {"uv": [1, 1, 15, 2], "rotation": 90, "texture": "#1"}
			}
		},
		{
			"from": [7.5, 9.95, 1],
			"to": [8.5, 10.95, 15],
			"rotation": {"angle": -45, "axis": "y", "origin": [8, 10.5, 8]},
			"faces": {
				"north": {"uv": [1, 1, 2, 2], "texture": "#1"},
				"east": {"uv": [1, 1, 15, 2], "texture": "#1"},
				"south": {"uv": [1, 1, 2, 2], "texture": "#1"},
				"west": {"uv": [1, 1, 15, 2], "texture": "#1"},
				"up": {"uv": [1, 1, 15, 2], "rotation": 270, "texture": "#1"},
				"down": {"uv": [1, 1, 15, 2], "rotation": 90, "texture": "#1"}
			}
		},
		{
			"from": [7.5, 10.05, 1],
			"to": [8.5, 11.05, 15],
			"rotation": {"angle": 0, "axis": "y", "origin": [8, 10.5, 8]},
			"faces": {
				"north": {"uv": [1, 1, 2, 2], "texture": "#1"},
				"east": {"uv": [1, 1, 15, 2], "texture": "#1"},
				"south": {"uv": [1, 1, 2, 2], "texture": "#1"},
				"west": {"uv": [1, 1, 15, 2], "texture": "#1"},
				"up": {"uv": [1, 1, 15, 2], "rotation": 270, "texture": "#1"},
				"down": {"uv": [1, 1, 15, 2], "rotation": 90, "texture": "#1"}
			}
		},
		{
			"from": [1, 10, 7.5],
			"to": [15, 11, 8.5],
			"faces": {
				"north": {"uv": [1, 1, 15, 2], "texture": "#1"},
				"east": {"uv": [1, 1, 2, 2], "texture": "#1"},
				"south": {"uv": [1, 1, 15, 2], "texture": "#1"},
				"west": {"uv": [1, 1, 2, 2], "texture": "#1"},
				"up": {"uv": [1, 1, 15, 2], "texture": "#1"},
				"down": {"uv": [1, 1, 15, 2], "texture": "#1"}
			}
		},
		{
			"from": [1.75, 9.75, 3],
			"to": [3.25, 11.25, 8],
			"rotation": {"angle": -22.5, "axis": "y", "origin": [1.5, 10.5, 7]},
			"faces": {
				"north": {"uv": [1, 1, 2.5, 2.5], "texture": "#0"},
				"east": {"uv": [1, 1, 6, 2.5], "texture": "#0"},
				"south": {"uv": [1, 1, 2.5, 2.5], "texture": "#0"},
				"west": {"uv": [1, 1, 6, 2.5], "texture": "#0"},
				"up": {"uv": [1, 1, 2.5, 6], "texture": "#0"},
				"down": {"uv": [1, 1, 2.5, 6], "texture": "#0"}
			}
		},
		{
			"from": [0.75, 9.76, 8],
			"to": [2.25, 11.26, 13],
			"rotation": {"angle": 22.5, "axis": "y", "origin": [1.5, 10.5, 7]},
			"faces": {
				"north": {"uv": [1, 1, 2.5, 2.5], "texture": "#0"},
				"east": {"uv": [1, 1, 6, 2.5], "texture": "#0"},
				"south": {"uv": [1, 1, 2.5, 2.5], "texture": "#0"},
				"west": {"uv": [1, 1, 6, 2.5], "texture": "#0"},
				"up": {"uv": [1, 1, 2.5, 6], "texture": "#0"},
				"down": {"uv": [1, 1, 2.5, 6], "texture": "#0"}
			}
		},
		{
			"from": [5.5, 9.77, 10.25],
			"to": [10.5, 11.27, 11.75],
			"rotation": {"angle": -22.5, "axis": "y", "origin": [1.5, 10.5, 7]},
			"faces": {
				"north": {"uv": [1, 1, 6, 2.5], "texture": "#0"},
				"east": {"uv": [1, 1, 2.5, 2.5], "texture": "#0"},
				"south": {"uv": [1, 1, 6, 2.5], "texture": "#0"},
				"west": {"uv": [1, 1, 2.5, 2.5], "texture": "#0"},
				"up": {"uv": [1, 1, 2.5, 6], "rotation": 270, "texture": "#0"},
				"down": {"uv": [1, 1, 2.5, 6], "rotation": 90, "texture": "#0"}
			}
		},
		{
			"from": [7.47448, 9.78, 13.93296],
			"to": [12.47448, 11.28, 15.43296],
			"rotation": {"angle": 22.5, "axis": "y", "origin": [5.97448, 10.52, 13.18296]},
			"faces": {
				"north": {"uv": [1, 1, 6, 2.5], "texture": "#0"},
				"east": {"uv": [1, 1, 2.5, 2.5], "texture": "#0"},
				"south": {"uv": [1, 1, 6, 2.5], "texture": "#0"},
				"west": {"uv": [1, 1, 2.5, 2.5], "texture": "#0"},
				"up": {"uv": [1, 1, 2.5, 6], "rotation": 270, "texture": "#0"},
				"down": {"uv": [1, 1, 2.5, 6], "rotation": 90, "texture": "#0"}
			}
		},
		{
			"from": [13.44076, 9.75, 5.8033],
			"to": [14.94076, 11.25, 10.8033],
			"rotation": {"angle": -22.5, "axis": "y", "origin": [9.54171, 10.515, 6.33991]},
			"faces": {
				"north": {"uv": [1, 1, 2.5, 2.5], "texture": "#0"},
				"east": {"uv": [1, 1, 6, 2.5], "texture": "#0"},
				"south": {"uv": [1, 1, 2.5, 2.5], "texture": "#0"},
				"west": {"uv": [1, 1, 6, 2.5], "texture": "#0"},
				"up": {"uv": [1, 1, 2.5, 6], "rotation": 180, "texture": "#0"},
				"down": {"uv": [1, 1, 2.5, 6], "rotation": 180, "texture": "#0"}
			}
		},
		{
			"from": [12.45852, 9.76, 4.66206],
			"to": [13.95852, 11.26, 9.66206],
			"rotation": {"angle": 22.5, "axis": "y", "origin": [9.54171, 10.515, 6.33991]},
			"faces": {
				"north": {"uv": [1, 1, 2.5, 2.5], "texture": "#0"},
				"east": {"uv": [1, 1, 6, 2.5], "texture": "#0"},
				"south": {"uv": [1, 1, 2.5, 2.5], "texture": "#0"},
				"west": {"uv": [1, 1, 6, 2.5], "texture": "#0"},
				"up": {"uv": [1, 1, 2.5, 6], "rotation": 180, "texture": "#0"},
				"down": {"uv": [1, 1, 2.5, 6], "rotation": 180, "texture": "#0"}
			}
		},
		{
			"from": [6.19076, 9.77, 2.0533],
			"to": [11.19076, 11.27, 3.5533],
			"rotation": {"angle": -22.5, "axis": "y", "origin": [9.54171, 10.515, 6.33991]},
			"faces": {
				"north": {"uv": [1, 1, 6, 2.5], "texture": "#0"},
				"east": {"uv": [1, 1, 2.5, 2.5], "texture": "#0"},
				"south": {"uv": [1, 1, 6, 2.5], "texture": "#0"},
				"west": {"uv": [1, 1, 2.5, 2.5], "texture": "#0"},
				"up": {"uv": [1, 1, 2.5, 6], "rotation": 90, "texture": "#0"},
				"down": {"uv": [1, 1, 2.5, 6], "rotation": 270, "texture": "#0"}
			}
		},
		{
			"from": [4.94076, 9.78, 0.98744],
			"to": [9.94076, 11.28, 2.48744],
			"rotation": {"angle": 22.5, "axis": "y", "origin": [9.54171, 10.515, 6.33991]},
			"faces": {
				"north": {"uv": [1, 1, 6, 2.5], "texture": "#0"},
				"east": {"uv": [1, 1, 2.5, 2.5], "texture": "#0"},
				"south": {"uv": [1, 1, 6, 2.5], "texture": "#0"},
				"west": {"uv": [1, 1, 2.5, 2.5], "texture": "#0"},
				"up": {"uv": [1, 1, 2.5, 6], "rotation": 90, "texture": "#0"},
				"down": {"uv": [1, 1, 2.5, 6], "rotation": 270, "texture": "#0"}
			}
		}
	],
	"display": {
		"thirdperson_righthand": {
			"translation": [0, 1.5, 0.5],
			"scale": [0.5, 0.5, 0.5]
		},
		"thirdperson_lefthand": {
			"translation": [0, 1.5, 0.5],
			"scale": [0.5, 0.5, 0.5]
		},
		"firstperson_righthand": {
			"translation": [0, 2.75, 2.5],
			"scale": [0.75, 0.75, 0.75]
		},
		"firstperson_lefthand": {
			"rotation": [0, -39, 0],
			"translation": [0, 2.75, 2.25],
			"scale": [0.75, 0.75, 0.75]
		},
		"gui": {
			"rotation": [27, 48, 0]
		},
		"head": {
			"translation": [0, 14.5, 0]
		},
		"fixed": {
			"translation": [0, 0, 0.25]
		}
	},
	"groups": [
		{
			"name": "stem",
			"origin": [0, 0, 0],
			"color": 0,
			"children": [0, 1, 2]
		},
		{
			"name": "spout",
			"origin": [8, 8, 8],
			"color": 0,
			"children": [
				{
					"name": "sporkets",
					"origin": [8, 8, 8],
					"color": 0,
					"children": [3, 4, 5, 6]
				},
				{
					"name": "handle",
					"origin": [8, 8, 8],
					"color": 0,
					"children": [7, 8, 9, 10]
				},
				{
					"name": "handle",
					"origin": [8, 8, 8],
					"color": 0,
					"children": [11, 12, 13, 14]
				}
			]
		}
	]
}