{
	"credit": "Made with Blockbench",
	"ambientocclusion": false,
	"textures": {
		"0": "block/original/exposed_cut_copper",
		"1": "block/original/exposed_copper",
		"particle": "block/original/exposed_cut_copper"
	},
	"elements": [
		{
			"from": [6.5, 0.005, 6.5],
			"to": [9.5, 11.005, 9.5],
			"rotation": {"angle": 22.5, "axis": "y", "origin": [8, 6.0025, 8]},
			"faces": {
				"north": {"uv": [0.5, 0.5, 3.5, 11], "rotation": 180, "texture": "#0"},
				"east": {"uv": [3.5, 0.5, 0.5, 11], "rotation": 180, "texture": "#0"},
				"south": {"uv": [0.5, 0.5, 3.5, 11], "rotation": 180, "texture": "#0"},
				"west": {"uv": [3.5, 0.5, 0.5, 11], "rotation": 180, "texture": "#0"},
				"up": {"uv": [0.5, 0.5, 3.5, 3.5], "texture": "#0"},
				"down": {"uv": [0.5, 0.5, 3.5, 3.5], "texture": "#0"}
			}
		},
		{
			"from": [6, 0.035, 7],
			"to": [10, 10.985, 9],
			"rotation": {"angle": 22.5, "axis": "y", "origin": [8, 6.0025, 8]},
			"faces": {
				"north": {"uv": [0.5, 0.5, 4.5, 10.95], "rotation": 180, "texture": "#0"},
				"east": {"uv": [2.5, 0.5, 0.5, 10.95], "rotation": 180, "texture": "#0"},
				"south": {"uv": [0.5, 0.5, 4.5, 10.95], "rotation": 180, "texture": "#0"},
				"west": {"uv": [2.5, 0.5, 0.5, 10.95], "rotation": 180, "texture": "#0"},
				"up": {"uv": [0.5, 0.5, 4.5, 2.5], "texture": "#0"},
				"down": {"uv": [0.5, 0.5, 4.5, 2.5], "texture": "#0"}
			}
		},
		{
			"from": [7, 0.045, 6],
			"to": [9, 10.945, 10],
			"rotation": {"angle": 22.5, "axis": "y", "origin": [8, 6.0025, 8]},
			"faces": {
				"north": {"uv": [0.5, 0.5, 2.5, 10.9], "rotation": 180, "texture": "#0"},
				"east": {"uv": [4.5, 0.5, 0.5, 10.9], "rotation": 180, "texture": "#0"},
				"south": {"uv": [0.5, 0.5, 2.5, 10.9], "rotation": 180, "texture": "#0"},
				"west": {"uv": [4.5, 0.5, 0.5, 10.9], "rotation": 180, "texture": "#0"},
				"up": {"uv": [0.5, 0.5, 2.5, 4.5], "texture": "#0"},
				"down": {"uv": [0.5, 0.5, 2.5, 4.5], "texture": "#0"}
			}
		},
		{
			"from": [1, 11.03, 7.5],
			"to": [15, 12.03, 8.5],
			"rotation": {"angle": -22.5, "axis": "y", "origin": [8, 11.5, 8]},
			"faces": {
				"north": {"uv": [1, 1, 15, 2], "texture": "#1"},
				"east": {"uv": [1, 1, 2, 2], "texture": "#1"},
				"south": {"uv": [1, 1, 15, 2], "texture": "#1"},
				"west": {"uv": [1, 1, 2, 2], "texture": "#1"},
				"up": {"uv": [1, 1, 15, 2], "rotation": 180, "texture": "#1"},
				"down": {"uv": [1, 1, 15, 2], "rotation": 180, "texture": "#1"}
			}
		},
		{
			"from": [7.5, 10.95, 1],
			"to": [8.5, 11.95, 15],
			"rotation": {"angle": -22.5, "axis": "y", "origin": [8, 11.5, 8]},
			"faces": {
				"north": {"uv": [1, 1, 2, 2], "texture": "#1"},
				"east": {"uv": [1, 1, 15, 2], "texture": "#1"},
				"south": {"uv": [1, 1, 2, 2], "texture": "#1"},
				"west": {"uv": [1, 1, 15, 2], "texture": "#1"},
				"up": {"uv": [1, 1, 15, 2], "rotation": 270, "texture": "#1"},
				"down": {"uv": [1, 1, 15, 2], "rotation": 90, "texture": "#1"}
			}
		},
		{
			"from": [7.5, 11.05, 1],
			"to": [8.5, 12.05, 15],
			"rotation": {"angle": 22.5, "axis": "y", "origin": [8, 11.5, 8]},
			"faces": {
				"north": {"uv": [1, 1, 2, 2], "texture": "#1"},
				"east": {"uv": [1, 1, 15, 2], "texture": "#1"},
				"south": {"uv": [1, 1, 2, 2], "texture": "#1"},
				"west": {"uv": [1, 1, 15, 2], "texture": "#1"},
				"up": {"uv": [1, 1, 15, 2], "rotation": 270, "texture": "#1"},
				"down": {"uv": [1, 1, 15, 2], "rotation": 90, "texture": "#1"}
			}
		},
		{
			"from": [1, 11, 7.5],
			"to": [15, 12, 8.5],
			"rotation": {"angle": 22.5, "axis": "y", "origin": [8, 11.5, 8]},
			"faces": {
				"north": {"uv": [1, 1, 15, 2], "texture": "#1"},
				"east": {"uv": [1, 1, 2, 2], "texture": "#1"},
				"south": {"uv": [1, 1, 15, 2], "texture": "#1"},
				"west": {"uv": [1, 1, 2, 2], "texture": "#1"},
				"up": {"uv": [1, 1, 15, 2], "texture": "#1"},
				"down": {"uv": [1, 1, 15, 2], "texture": "#1"}
			}
		},
		{
			"from": [1.89266, 10.75, 5.62652],
			"to": [3.39266, 12.25, 10.62652],
			"rotation": {"angle": 0, "axis": "y", "origin": [7.29171, 11.515, 10.08991]},
			"faces": {
				"north": {"uv": [1, 1, 2.5, 2.5], "texture": "#0"},
				"east": {"uv": [1, 1, 6, 2.5], "texture": "#0"},
				"south": {"uv": [1, 1, 2.5, 2.5], "texture": "#0"},
				"west": {"uv": [1, 1, 6, 2.5], "texture": "#0"},
				"up": {"uv": [1, 1, 2.5, 6], "texture": "#0"},
				"down": {"uv": [1, 1, 2.5, 6], "texture": "#0"}
			}
		},
		{
			"from": [2.87489, 10.76, 6.76777],
			"to": [4.37489, 12.26, 11.76777],
			"rotation": {"angle": 45, "axis": "y", "origin": [7.29171, 11.515, 10.08991]},
			"faces": {
				"north": {"uv": [1, 1, 2.5, 2.5], "texture": "#0"},
				"east": {"uv": [1, 1, 6, 2.5], "texture": "#0"},
				"south": {"uv": [1, 1, 2.5, 2.5], "texture": "#0"},
				"west": {"uv": [1, 1, 6, 2.5], "texture": "#0"},
				"up": {"uv": [1, 1, 2.5, 6], "texture": "#0"},
				"down": {"uv": [1, 1, 2.5, 6], "texture": "#0"}
			}
		},
		{
			"from": [5.64266, 10.77, 12.87652],
			"to": [10.64266, 12.27, 14.37652],
			"rotation": {"angle": 0, "axis": "y", "origin": [7.29171, 11.515, 10.08991]},
			"faces": {
				"north": {"uv": [1, 1, 6, 2.5], "texture": "#0"},
				"east": {"uv": [1, 1, 2.5, 2.5], "texture": "#0"},
				"south": {"uv": [1, 1, 6, 2.5], "texture": "#0"},
				"west": {"uv": [1, 1, 2.5, 2.5], "texture": "#0"},
				"up": {"uv": [1, 1, 2.5, 6], "rotation": 270, "texture": "#0"},
				"down": {"uv": [1, 1, 2.5, 6], "rotation": 90, "texture": "#0"}
			}
		},
		{
			"from": [6.89266, 10.78, 13.94239],
			"to": [11.89266, 12.28, 15.44239],
			"rotation": {"angle": 45, "axis": "y", "origin": [7.29171, 11.515, 10.08991]},
			"faces": {
				"north": {"uv": [1, 1, 6, 2.5], "texture": "#0"},
				"east": {"uv": [1, 1, 2.5, 2.5], "texture": "#0"},
				"south": {"uv": [1, 1, 6, 2.5], "texture": "#0"},
				"west": {"uv": [1, 1, 2.5, 2.5], "texture": "#0"},
				"up": {"uv": [1, 1, 2.5, 6], "rotation": 270, "texture": "#0"},
				"down": {"uv": [1, 1, 2.5, 6], "rotation": 90, "texture": "#0"}
			}
		},
		{
			"from": [12.69076, 10.75, 5.5533],
			"to": [14.19076, 12.25, 10.5533],
			"rotation": {"angle": 0, "axis": "y", "origin": [8.79171, 11.515, 6.08991]},
			"faces": {
				"north": {"uv": [1, 1, 2.5, 2.5], "texture": "#0"},
				"east": {"uv": [1, 1, 6, 2.5], "texture": "#0"},
				"south": {"uv": [1, 1, 2.5, 2.5], "texture": "#0"},
				"west": {"uv": [1, 1, 6, 2.5], "texture": "#0"},
				"up": {"uv": [1, 1, 2.5, 6], "rotation": 180, "texture": "#0"},
				"down": {"uv": [1, 1, 2.5, 6], "rotation": 180, "texture": "#0"}
			}
		},
		{
			"from": [11.70852, 10.76, 4.41206],
			"to": [13.20852, 12.26, 9.41206],
			"rotation": {"angle": 45, "axis": "y", "origin": [8.79171, 11.515, 6.08991]},
			"faces": {
				"north": {"uv": [1, 1, 2.5, 2.5], "texture": "#0"},
				"east": {"uv": [1, 1, 6, 2.5], "texture": "#0"},
				"south": {"uv": [1, 1, 2.5, 2.5], "texture": "#0"},
				"west": {"uv": [1, 1, 6, 2.5], "texture": "#0"},
				"up": {"uv": [1, 1, 2.5, 6], "rotation": 180, "texture": "#0"},
				"down": {"uv": [1, 1, 2.5, 6], "rotation": 180, "texture": "#0"}
			}
		},
		{
			"from": [5.44076, 10.77, 1.8033],
			"to": [10.44076, 12.27, 3.3033],
			"rotation": {"angle": 0, "axis": "y", "origin": [8.79171, 11.515, 6.08991]},
			"faces": {
				"north": {"uv": [1, 1, 6, 2.5], "texture": "#0"},
				"east": {"uv": [1, 1, 2.5, 2.5], "texture": "#0"},
				"south": {"uv": [1, 1, 6, 2.5], "texture": "#0"},
				"west": {"uv": [1, 1, 2.5, 2.5], "texture": "#0"},
				"up": {"uv": [1, 1, 2.5, 6], "rotation": 90, "texture": "#0"},
				"down": {"uv": [1, 1, 2.5, 6], "rotation": 270, "texture": "#0"}
			}
		},
		{
			"from": [4.19076, 10.78, 0.73744],
			"to": [9.19076, 12.28, 2.23744],
			"rotation": {"angle": 45, "axis": "y", "origin": [8.79171, 11.515, 6.08991]},
			"faces": {
				"north": {"uv": [1, 1, 6, 2.5], "texture": "#0"},
				"east": {"uv": [1, 1, 2.5, 2.5], "texture": "#0"},
				"south": {"uv": [1, 1, 6, 2.5], "texture": "#0"},
				"west": {"uv": [1, 1, 2.5, 2.5], "texture": "#0"},
				"up": {"uv": [1, 1, 2.5, 6], "rotation": 90, "texture": "#0"},
				"down": {"uv": [1, 1, 2.5, 6], "rotation": 270, "texture": "#0"}
			}
		}
	],
	"display": {
		"thirdperson_righthand": {
			"translation": [0, 1.5, 0.5],
			"scale": [0.5, 0.5, 0.5]
		},
		"thirdperson_lefthand": {
			"translation": [0, 1.5, 0.5],
			"scale": [0.5, 0.5, 0.5]
		},
		"firstperson_righthand": {
			"translation": [0, 2.75, 2.5],
			"scale": [0.75, 0.75, 0.75]
		},
		"firstperson_lefthand": {
			"rotation": [0, -39, 0],
			"translation": [0, 2.75, 2.25],
			"scale": [0.75, 0.75, 0.75]
		},
		"gui": {
			"rotation": [27, 48, 0]
		},
		"head": {
			"translation": [0, 14.5, 0]
		},
		"fixed": {
			"translation": [0, 0, 0.25]
		}
	},
	"groups": [
		{
			"name": "stem",
			"origin": [0, 0, 0],
			"color": 0,
			"children": [0, 1, 2]
		},
		{
			"name": "spout",
			"origin": [8, 8, 8],
			"color": 0,
			"children": [
				{
					"name": "sporkets",
					"origin": [8, 8, 8],
					"color": 0,
					"children": [3, 4, 5, 6]
				},
				{
					"name": "handle",
					"origin": [8, 8, 8],
					"color": 0,
					"children": [7, 8, 9, 10]
				},
				{
					"name": "handle",
					"origin": [8, 8, 8],
					"color": 0,
					"children": [11, 12, 13, 14]
				}
			]
		}
	]
}