{
	"credit": "Made with Blockbench",
	"ambientocclusion": false,
	"textures": {
		"0": "block/original/exposed_cut_copper",
		"1": "block/original/exposed_copper",
		"particle": "block/original/exposed_cut_copper"
	},
	"elements": [
		{
			"from": [6.5, 0.005, 6.5],
			"to": [9.5, 13.005, 9.5],
			"rotation": {"angle": -22.5, "axis": "y", "origin": [8, 8.0025, 8]},
			"faces": {
				"north": {"uv": [3.5, 0.5, 0.5, 12], "rotation": 180, "texture": "#0"},
				"east": {"uv": [0.5, 0.5, 3.5, 12], "rotation": 180, "texture": "#0"},
				"south": {"uv": [3.5, 0.5, 0.5, 12], "rotation": 180, "texture": "#0"},
				"west": {"uv": [0.5, 0.5, 3.5, 12], "rotation": 180, "texture": "#0"},
				"up": {"uv": [0.5, 0.5, 3.5, 3.5], "rotation": 270, "texture": "#0"},
				"down": {"uv": [0.5, 0.5, 3.5, 3.5], "rotation": 90, "texture": "#0"}
			}
		},
		{
			"from": [7, 0.035, 6],
			"to": [9, 12.985, 10],
			"rotation": {"angle": -22.5, "axis": "y", "origin": [8, 8.0025, 8]},
			"faces": {
				"north": {"uv": [2.5, 0.5, 0.5, 11.95], "rotation": 180, "texture": "#0"},
				"east": {"uv": [0.5, 0.5, 4.5, 11.95], "rotation": 180, "texture": "#0"},
				"south": {"uv": [2.5, 0.5, 0.5, 11.95], "rotation": 180, "texture": "#0"},
				"west": {"uv": [0.5, 0.5, 4.5, 11.95], "rotation": 180, "texture": "#0"},
				"up": {"uv": [0.5, 0.5, 4.5, 2.5], "rotation": 270, "texture": "#0"},
				"down": {"uv": [0.5, 0.5, 4.5, 2.5], "rotation": 90, "texture": "#0"}
			}
		},
		{
			"from": [6, 0.045, 7],
			"to": [10, 12.945, 9],
			"rotation": {"angle": -22.5, "axis": "y", "origin": [8, 8.0025, 8]},
			"faces": {
				"north": {"uv": [4.5, 0.5, 0.5, 11.9], "rotation": 180, "texture": "#0"},
				"east": {"uv": [0.5, 0.5, 2.5, 11.9], "rotation": 180, "texture": "#0"},
				"south": {"uv": [4.5, 0.5, 0.5, 11.9], "rotation": 180, "texture": "#0"},
				"west": {"uv": [0.5, 0.5, 2.5, 11.9], "rotation": 180, "texture": "#0"},
				"up": {"uv": [0.5, 0.5, 2.5, 4.5], "rotation": 270, "texture": "#0"},
				"down": {"uv": [0.5, 0.5, 2.5, 4.5], "rotation": 90, "texture": "#0"}
			}
		},
		{
			"from": [1, 13.03, 7.5],
			"to": [15, 14.03, 8.5],
			"rotation": {"angle": 22.5, "axis": "y", "origin": [8, 13.5, 8]},
			"faces": {
				"north": {"uv": [1, 1, 15, 2], "texture": "#1"},
				"east": {"uv": [1, 1, 2, 2], "texture": "#1"},
				"south": {"uv": [1, 1, 15, 2], "texture": "#1"},
				"west": {"uv": [1, 1, 2, 2], "texture": "#1"},
				"up": {"uv": [1, 1, 15, 2], "rotation": 180, "texture": "#1"},
				"down": {"uv": [1, 1, 15, 2], "rotation": 180, "texture": "#1"}
			}
		},
		{
			"from": [7.5, 12.95, 1],
			"to": [8.5, 13.95, 15],
			"rotation": {"angle": 22.5, "axis": "y", "origin": [8, 13.5, 8]},
			"faces": {
				"north": {"uv": [1, 1, 2, 2], "texture": "#1"},
				"east": {"uv": [1, 1, 15, 2], "texture": "#1"},
				"south": {"uv": [1, 1, 2, 2], "texture": "#1"},
				"west": {"uv": [1, 1, 15, 2], "texture": "#1"},
				"up": {"uv": [1, 1, 15, 2], "rotation": 270, "texture": "#1"},
				"down": {"uv": [1, 1, 15, 2], "rotation": 90, "texture": "#1"}
			}
		},
		{
			"from": [1, 13.05, 7.5],
			"to": [15, 14.05, 8.5],
			"rotation": {"angle": -22.5, "axis": "y", "origin": [8, 13.5, 8]},
			"faces": {
				"north": {"uv": [1, 1, 15, 2], "texture": "#1"},
				"east": {"uv": [1, 1, 2, 2], "texture": "#1"},
				"south": {"uv": [1, 1, 15, 2], "texture": "#1"},
				"west": {"uv": [1, 1, 2, 2], "texture": "#1"},
				"up": {"uv": [1, 1, 15, 2], "rotation": 180, "texture": "#1"},
				"down": {"uv": [1, 1, 15, 2], "rotation": 180, "texture": "#1"}
			}
		},
		{
			"from": [7.5, 13, 1],
			"to": [8.5, 14, 15],
			"rotation": {"angle": -22.5, "axis": "y", "origin": [8, 13.5, 8]},
			"faces": {
				"north": {"uv": [1, 1, 2, 2], "texture": "#1"},
				"east": {"uv": [1, 1, 15, 2], "texture": "#1"},
				"south": {"uv": [1, 1, 2, 2], "texture": "#1"},
				"west": {"uv": [1, 1, 15, 2], "texture": "#1"},
				"up": {"uv": [1, 1, 15, 2], "rotation": 270, "texture": "#1"},
				"down": {"uv": [1, 1, 15, 2], "rotation": 90, "texture": "#1"}
			}
		},
		{
			"from": [3.39266, 12.75, 5.37652],
			"to": [4.89266, 14.25, 10.37652],
			"rotation": {"angle": 45, "axis": "y", "origin": [8.79171, 13.515, 9.83991]},
			"faces": {
				"north": {"uv": [1, 1, 2.5, 2.5], "texture": "#0"},
				"east": {"uv": [1, 1, 6, 2.5], "texture": "#0"},
				"south": {"uv": [1, 1, 2.5, 2.5], "texture": "#0"},
				"west": {"uv": [1, 1, 6, 2.5], "texture": "#0"},
				"up": {"uv": [1, 1, 2.5, 6], "texture": "#0"},
				"down": {"uv": [1, 1, 2.5, 6], "texture": "#0"}
			}
		},
		{
			"from": [5.46957, 12.76, 12.75673],
			"to": [10.46957, 14.26, 14.25673],
			"rotation": {"angle": 0, "axis": "y", "origin": [8.79171, 13.515, 9.83991]},
			"faces": {
				"north": {"uv": [1, 1, 6, 2.5], "texture": "#0"},
				"east": {"uv": [1, 1, 2.5, 2.5], "texture": "#0"},
				"south": {"uv": [1, 1, 6, 2.5], "texture": "#0"},
				"west": {"uv": [1, 1, 2.5, 2.5], "texture": "#0"},
				"up": {"uv": [1, 1, 2.5, 6], "rotation": 270, "texture": "#0"},
				"down": {"uv": [1, 1, 2.5, 6], "rotation": 90, "texture": "#0"}
			}
		},
		{
			"from": [7.14266, 12.77, 12.62652],
			"to": [12.14266, 14.27, 14.12652],
			"rotation": {"angle": 45, "axis": "y", "origin": [8.79171, 13.515, 9.83991]},
			"faces": {
				"north": {"uv": [1, 1, 6, 2.5], "texture": "#0"},
				"east": {"uv": [1, 1, 2.5, 2.5], "texture": "#0"},
				"south": {"uv": [1, 1, 6, 2.5], "texture": "#0"},
				"west": {"uv": [1, 1, 2.5, 2.5], "texture": "#0"},
				"up": {"uv": [1, 1, 2.5, 6], "rotation": 270, "texture": "#0"},
				"down": {"uv": [1, 1, 2.5, 6], "rotation": 90, "texture": "#0"}
			}
		},
		{
			"from": [12.64419, 12.78, 5.23896],
			"to": [14.14419, 14.28, 10.23896],
			"rotation": {"angle": 0, "axis": "y", "origin": [8.79171, 13.515, 9.83991]},
			"faces": {
				"north": {"uv": [1, 1, 2.5, 2.5], "texture": "#0"},
				"east": {"uv": [1, 1, 6, 2.5], "texture": "#0"},
				"south": {"uv": [1, 1, 2.5, 2.5], "texture": "#0"},
				"west": {"uv": [1, 1, 6, 2.5], "texture": "#0"},
				"up": {"uv": [1, 1, 2.5, 6], "rotation": 180, "texture": "#0"},
				"down": {"uv": [1, 1, 2.5, 6], "rotation": 180, "texture": "#0"}
			}
		},
		{
			"from": [10.94076, 12.75, 5.3033],
			"to": [12.44076, 14.25, 10.3033],
			"rotation": {"angle": 45, "axis": "y", "origin": [7.04171, 13.515, 5.83991]},
			"faces": {
				"north": {"uv": [1, 1, 2.5, 2.5], "texture": "#0"},
				"east": {"uv": [1, 1, 6, 2.5], "texture": "#0"},
				"south": {"uv": [1, 1, 2.5, 2.5], "texture": "#0"},
				"west": {"uv": [1, 1, 6, 2.5], "texture": "#0"},
				"up": {"uv": [1, 1, 2.5, 6], "rotation": 180, "texture": "#0"},
				"down": {"uv": [1, 1, 2.5, 6], "rotation": 180, "texture": "#0"}
			}
		},
		{
			"from": [5.36386, 12.76, 1.4231],
			"to": [10.36386, 14.26, 2.9231],
			"rotation": {"angle": 0, "axis": "y", "origin": [7.04171, 13.515, 5.83991]},
			"faces": {
				"north": {"uv": [1, 1, 6, 2.5], "texture": "#0"},
				"east": {"uv": [1, 1, 2.5, 2.5], "texture": "#0"},
				"south": {"uv": [1, 1, 6, 2.5], "texture": "#0"},
				"west": {"uv": [1, 1, 2.5, 2.5], "texture": "#0"},
				"up": {"uv": [1, 1, 2.5, 6], "rotation": 90, "texture": "#0"},
				"down": {"uv": [1, 1, 2.5, 6], "rotation": 270, "texture": "#0"}
			}
		},
		{
			"from": [3.69076, 12.77, 1.5533],
			"to": [8.69076, 14.27, 3.0533],
			"rotation": {"angle": 45, "axis": "y", "origin": [7.04171, 13.515, 5.83991]},
			"faces": {
				"north": {"uv": [1, 1, 6, 2.5], "texture": "#0"},
				"east": {"uv": [1, 1, 2.5, 2.5], "texture": "#0"},
				"south": {"uv": [1, 1, 6, 2.5], "texture": "#0"},
				"west": {"uv": [1, 1, 2.5, 2.5], "texture": "#0"},
				"up": {"uv": [1, 1, 2.5, 6], "rotation": 90, "texture": "#0"},
				"down": {"uv": [1, 1, 2.5, 6], "rotation": 270, "texture": "#0"}
			}
		},
		{
			"from": [1.68924, 12.78, 5.44086],
			"to": [3.18924, 14.28, 10.44086],
			"rotation": {"angle": 0, "axis": "y", "origin": [7.04171, 13.515, 5.83991]},
			"faces": {
				"north": {"uv": [1, 1, 2.5, 2.5], "texture": "#0"},
				"east": {"uv": [1, 1, 6, 2.5], "texture": "#0"},
				"south": {"uv": [1, 1, 2.5, 2.5], "texture": "#0"},
				"west": {"uv": [1, 1, 6, 2.5], "texture": "#0"},
				"up": {"uv": [1, 1, 2.5, 6], "texture": "#0"},
				"down": {"uv": [1, 1, 2.5, 6], "texture": "#0"}
			}
		}
	],
	"display": {
		"thirdperson_righthand": {
			"translation": [0, 1.5, 0.5],
			"scale": [0.5, 0.5, 0.5]
		},
		"thirdperson_lefthand": {
			"translation": [0, 1.5, 0.5],
			"scale": [0.5, 0.5, 0.5]
		},
		"firstperson_righthand": {
			"translation": [0, 2.75, 2.5],
			"scale": [0.75, 0.75, 0.75]
		},
		"firstperson_lefthand": {
			"rotation": [0, -39, 0],
			"translation": [0, 2.75, 2.25],
			"scale": [0.75, 0.75, 0.75]
		},
		"gui": {
			"rotation": [27, 48, 0]
		},
		"head": {
			"translation": [0, 14.5, 0]
		},
		"fixed": {
			"translation": [0, 0, 0.25]
		}
	},
	"groups": [
		{
			"name": "stem",
			"origin": [0, 0, 0],
			"color": 0,
			"children": [0, 1, 2]
		},
		{
			"name": "spout",
			"origin": [8, 8, 8],
			"color": 0,
			"children": [
				{
					"name": "sporkets",
					"origin": [8, 8, 8],
					"color": 0,
					"children": [3, 4, 5, 6]
				},
				{
					"name": "handle",
					"origin": [8, 8, 8],
					"color": 0,
					"children": [7, 8, 9, 10]
				},
				{
					"name": "handle",
					"origin": [8, 8, 8],
					"color": 0,
					"children": [11, 12, 13, 14]
				}
			]
		}
	]
}