{
	"credit": "Made with Blockbench",
	"ambientocclusion": false,
	"textures": {
		"0": "block/original/exposed_cut_copper",
		"1": "block/original/exposed_copper",
		"particle": "block/original/exposed_cut_copper"
	},
	"elements": [
		{
			"from": [6.5, 0.005, 6.5],
			"to": [9.5, 12.005, 9.5],
			"rotation": {"angle": 45, "axis": "y", "origin": [8, 7.0025, 8]},
			"faces": {
				"north": {"uv": [0.5, 0.5, 3.5, 11.5], "rotation": 180, "texture": "#0"},
				"east": {"uv": [3.5, 0.5, 0.5, 11.5], "rotation": 180, "texture": "#0"},
				"south": {"uv": [0.5, 0.5, 3.5, 11.5], "rotation": 180, "texture": "#0"},
				"west": {"uv": [3.5, 0.5, 0.5, 11.5], "rotation": 180, "texture": "#0"},
				"up": {"uv": [0.5, 0.5, 3.5, 3.5], "texture": "#0"},
				"down": {"uv": [0.5, 0.5, 3.5, 3.5], "texture": "#0"}
			}
		},
		{
			"from": [6, 0.035, 7],
			"to": [10, 11.985, 9],
			"rotation": {"angle": 45, "axis": "y", "origin": [8, 7.0025, 8]},
			"faces": {
				"north": {"uv": [0.5, 0.5, 4.5, 11.45], "rotation": 180, "texture": "#0"},
				"east": {"uv": [2.5, 0.5, 0.5, 11.45], "rotation": 180, "texture": "#0"},
				"south": {"uv": [0.5, 0.5, 4.5, 11.45], "rotation": 180, "texture": "#0"},
				"west": {"uv": [2.5, 0.5, 0.5, 11.45], "rotation": 180, "texture": "#0"},
				"up": {"uv": [0.5, 0.5, 4.5, 2.5], "texture": "#0"},
				"down": {"uv": [0.5, 0.5, 4.5, 2.5], "texture": "#0"}
			}
		},
		{
			"from": [7, 0.045, 6],
			"to": [9, 11.945, 10],
			"rotation": {"angle": 45, "axis": "y", "origin": [8, 7.0025, 8]},
			"faces": {
				"north": {"uv": [0.5, 0.5, 2.5, 11.4], "rotation": 180, "texture": "#0"},
				"east": {"uv": [4.5, 0.5, 0.5, 11.4], "rotation": 180, "texture": "#0"},
				"south": {"uv": [0.5, 0.5, 2.5, 11.4], "rotation": 180, "texture": "#0"},
				"west": {"uv": [4.5, 0.5, 0.5, 11.4], "rotation": 180, "texture": "#0"},
				"up": {"uv": [0.5, 0.5, 2.5, 4.5], "texture": "#0"},
				"down": {"uv": [0.5, 0.5, 2.5, 4.5], "texture": "#0"}
			}
		},
		{
			"from": [1, 12.03, 7.5],
			"to": [15, 13.03, 8.5],
			"rotation": {"angle": 0, "axis": "y", "origin": [8, 12.5, 8]},
			"faces": {
				"north": {"uv": [1, 1, 15, 2], "texture": "#1"},
				"east": {"uv": [1, 1, 2, 2], "texture": "#1"},
				"south": {"uv": [1, 1, 15, 2], "texture": "#1"},
				"west": {"uv": [1, 1, 2, 2], "texture": "#1"},
				"up": {"uv": [1, 1, 15, 2], "rotation": 180, "texture": "#1"},
				"down": {"uv": [1, 1, 15, 2], "rotation": 180, "texture": "#1"}
			}
		},
		{
			"from": [7.5, 11.95, 1],
			"to": [8.5, 12.95, 15],
			"rotation": {"angle": 0, "axis": "y", "origin": [8, 12.5, 8]},
			"faces": {
				"north": {"uv": [1, 1, 2, 2], "texture": "#1"},
				"east": {"uv": [1, 1, 15, 2], "texture": "#1"},
				"south": {"uv": [1, 1, 2, 2], "texture": "#1"},
				"west": {"uv": [1, 1, 15, 2], "texture": "#1"},
				"up": {"uv": [1, 1, 15, 2], "rotation": 270, "texture": "#1"},
				"down": {"uv": [1, 1, 15, 2], "rotation": 90, "texture": "#1"}
			}
		},
		{
			"from": [7.5, 12.05, 1],
			"to": [8.5, 13.05, 15],
			"rotation": {"angle": 45, "axis": "y", "origin": [8, 12.5, 8]},
			"faces": {
				"north": {"uv": [1, 1, 2, 2], "texture": "#1"},
				"east": {"uv": [1, 1, 15, 2], "texture": "#1"},
				"south": {"uv": [1, 1, 2, 2], "texture": "#1"},
				"west": {"uv": [1, 1, 15, 2], "texture": "#1"},
				"up": {"uv": [1, 1, 15, 2], "rotation": 270, "texture": "#1"},
				"down": {"uv": [1, 1, 15, 2], "rotation": 90, "texture": "#1"}
			}
		},
		{
			"from": [1, 12, 7.5],
			"to": [15, 13, 8.5],
			"rotation": {"angle": 45, "axis": "y", "origin": [8, 12.5, 8]},
			"faces": {
				"north": {"uv": [1, 1, 15, 2], "texture": "#1"},
				"east": {"uv": [1, 1, 2, 2], "texture": "#1"},
				"south": {"uv": [1, 1, 15, 2], "texture": "#1"},
				"west": {"uv": [1, 1, 2, 2], "texture": "#1"},
				"up": {"uv": [1, 1, 15, 2], "texture": "#1"},
				"down": {"uv": [1, 1, 15, 2], "texture": "#1"}
			}
		},
		{
			"from": [2.64266, 11.75, 5.62652],
			"to": [4.14266, 13.25, 10.62652],
			"rotation": {"angle": 22.5, "axis": "y", "origin": [8.04171, 12.515, 10.08991]},
			"faces": {
				"north": {"uv": [1, 1, 2.5, 2.5], "texture": "#0"},
				"east": {"uv": [1, 1, 6, 2.5], "texture": "#0"},
				"south": {"uv": [1, 1, 2.5, 2.5], "texture": "#0"},
				"west": {"uv": [1, 1, 6, 2.5], "texture": "#0"},
				"up": {"uv": [1, 1, 2.5, 6], "texture": "#0"},
				"down": {"uv": [1, 1, 2.5, 6], "texture": "#0"}
			}
		},
		{
			"from": [4.71957, 11.76, 13.00673],
			"to": [9.71957, 13.26, 14.50673],
			"rotation": {"angle": -22.5, "axis": "y", "origin": [8.04171, 12.515, 10.08991]},
			"faces": {
				"north": {"uv": [1, 1, 6, 2.5], "texture": "#0"},
				"east": {"uv": [1, 1, 2.5, 2.5], "texture": "#0"},
				"south": {"uv": [1, 1, 6, 2.5], "texture": "#0"},
				"west": {"uv": [1, 1, 2.5, 2.5], "texture": "#0"},
				"up": {"uv": [1, 1, 2.5, 6], "rotation": 270, "texture": "#0"},
				"down": {"uv": [1, 1, 2.5, 6], "rotation": 90, "texture": "#0"}
			}
		},
		{
			"from": [6.39266, 11.77, 12.87652],
			"to": [11.39266, 13.27, 14.37652],
			"rotation": {"angle": 22.5, "axis": "y", "origin": [8.04171, 12.515, 10.08991]},
			"faces": {
				"north": {"uv": [1, 1, 6, 2.5], "texture": "#0"},
				"east": {"uv": [1, 1, 2.5, 2.5], "texture": "#0"},
				"south": {"uv": [1, 1, 6, 2.5], "texture": "#0"},
				"west": {"uv": [1, 1, 2.5, 2.5], "texture": "#0"},
				"up": {"uv": [1, 1, 2.5, 6], "rotation": 270, "texture": "#0"},
				"down": {"uv": [1, 1, 2.5, 6], "rotation": 90, "texture": "#0"}
			}
		},
		{
			"from": [11.89419, 11.78, 5.48896],
			"to": [13.39419, 13.28, 10.48896],
			"rotation": {"angle": -22.5, "axis": "y", "origin": [8.04171, 12.515, 10.08991]},
			"faces": {
				"north": {"uv": [1, 1, 2.5, 2.5], "texture": "#0"},
				"east": {"uv": [1, 1, 6, 2.5], "texture": "#0"},
				"south": {"uv": [1, 1, 2.5, 2.5], "texture": "#0"},
				"west": {"uv": [1, 1, 6, 2.5], "texture": "#0"},
				"up": {"uv": [1, 1, 2.5, 6], "rotation": 180, "texture": "#0"},
				"down": {"uv": [1, 1, 2.5, 6], "rotation": 180, "texture": "#0"}
			}
		},
		{
			"from": [11.94076, 11.75, 5.0533],
			"to": [13.44076, 13.25, 10.0533],
			"rotation": {"angle": 22.5, "axis": "y", "origin": [8.04171, 12.515, 5.58991]},
			"faces": {
				"north": {"uv": [1, 1, 2.5, 2.5], "texture": "#0"},
				"east": {"uv": [1, 1, 6, 2.5], "texture": "#0"},
				"south": {"uv": [1, 1, 2.5, 2.5], "texture": "#0"},
				"west": {"uv": [1, 1, 6, 2.5], "texture": "#0"},
				"up": {"uv": [1, 1, 2.5, 6], "rotation": 180, "texture": "#0"},
				"down": {"uv": [1, 1, 2.5, 6], "rotation": 180, "texture": "#0"}
			}
		},
		{
			"from": [6.36386, 11.76, 1.1731],
			"to": [11.36386, 13.26, 2.6731],
			"rotation": {"angle": -22.5, "axis": "y", "origin": [8.04171, 12.515, 5.58991]},
			"faces": {
				"north": {"uv": [1, 1, 6, 2.5], "texture": "#0"},
				"east": {"uv": [1, 1, 2.5, 2.5], "texture": "#0"},
				"south": {"uv": [1, 1, 6, 2.5], "texture": "#0"},
				"west": {"uv": [1, 1, 2.5, 2.5], "texture": "#0"},
				"up": {"uv": [1, 1, 2.5, 6], "rotation": 90, "texture": "#0"},
				"down": {"uv": [1, 1, 2.5, 6], "rotation": 270, "texture": "#0"}
			}
		},
		{
			"from": [4.69076, 11.77, 1.3033],
			"to": [9.69076, 13.27, 2.8033],
			"rotation": {"angle": 22.5, "axis": "y", "origin": [8.04171, 12.515, 5.58991]},
			"faces": {
				"north": {"uv": [1, 1, 6, 2.5], "texture": "#0"},
				"east": {"uv": [1, 1, 2.5, 2.5], "texture": "#0"},
				"south": {"uv": [1, 1, 6, 2.5], "texture": "#0"},
				"west": {"uv": [1, 1, 2.5, 2.5], "texture": "#0"},
				"up": {"uv": [1, 1, 2.5, 6], "rotation": 90, "texture": "#0"},
				"down": {"uv": [1, 1, 2.5, 6], "rotation": 270, "texture": "#0"}
			}
		},
		{
			"from": [2.68924, 11.78, 5.19086],
			"to": [4.18924, 13.28, 10.19086],
			"rotation": {"angle": -22.5, "axis": "y", "origin": [8.04171, 12.515, 5.58991]},
			"faces": {
				"north": {"uv": [1, 1, 2.5, 2.5], "texture": "#0"},
				"east": {"uv": [1, 1, 6, 2.5], "texture": "#0"},
				"south": {"uv": [1, 1, 2.5, 2.5], "texture": "#0"},
				"west": {"uv": [1, 1, 6, 2.5], "texture": "#0"},
				"up": {"uv": [1, 1, 2.5, 6], "texture": "#0"},
				"down": {"uv": [1, 1, 2.5, 6], "texture": "#0"}
			}
		}
	],
	"display": {
		"thirdperson_righthand": {
			"translation": [0, 1.5, 0.5],
			"scale": [0.5, 0.5, 0.5]
		},
		"thirdperson_lefthand": {
			"translation": [0, 1.5, 0.5],
			"scale": [0.5, 0.5, 0.5]
		},
		"firstperson_righthand": {
			"translation": [0, 2.75, 2.5],
			"scale": [0.75, 0.75, 0.75]
		},
		"firstperson_lefthand": {
			"rotation": [0, -39, 0],
			"translation": [0, 2.75, 2.25],
			"scale": [0.75, 0.75, 0.75]
		},
		"gui": {
			"rotation": [27, 48, 0]
		},
		"head": {
			"translation": [0, 14.5, 0]
		},
		"fixed": {
			"translation": [0, 0, 0.25]
		}
	},
	"groups": [
		{
			"name": "stem",
			"origin": [0, 0, 0],
			"color": 0,
			"children": [0, 1, 2]
		},
		{
			"name": "spout",
			"origin": [8, 8, 8],
			"color": 0,
			"children": [
				{
					"name": "sporkets",
					"origin": [8, 8, 8],
					"color": 0,
					"children": [3, 4, 5, 6]
				},
				{
					"name": "handle",
					"origin": [8, 8, 8],
					"color": 0,
					"children": [7, 8, 9, 10]
				},
				{
					"name": "handle",
					"origin": [8, 8, 8],
					"color": 0,
					"children": [11, 12, 13, 14]
				}
			]
		}
	]
}