{
	"entity.generic.eat": {
		"sounds": [
			"item/bottle/drink_honey1",
			"item/bottle/drink_honey2"
		],
		"replace":true
	},"entity.generic.drink": {
		"sounds": [
			"mob/llama/eat1",
			"mob/llama/eat2",
			"mob/llama/eat3"
		],
		"replace":true
	},
	"sfx.laser": {
		"sounds": [
			{
				"name": "sfx/laser",
				"stream": true
			}
		]
	},
	"sfx.code": {
		"sounds": [
			{
				"name": "sfx/code",
				"stream": true
			}
		]
	},
	"sfx.teleport": {
		"sounds": [
			{
				"name": "sfx/teleport",
				"stream": true
			}
		]
	},
	"sfx.wool_placed": {
		"sounds": [
			{
				"name": "sfx/wool_placed",
				"stream": true
			}
		]
	},
	"music.lumina.a_way_down": {
		"sounds": [
			{
				"name": "music/lumina/a_way_down",
				"stream": true
			}
		]
	},
	"music.lumina.ambitions_folly_a": {
		"sounds": [
			{
				"name": "music/lumina/ambitions_folly_a",
				"stream": true
			}
		]
	},
	"music.lumina.history_tell_a_tale": {
		"sounds": [
			{
				"name": "music/lumina/history_tell_a_tale",
				"stream": true
			}
		]
	},
	"music.lumina.marks_of_progress": {
		"sounds": [
			{
				"name": "music/lumina/marks_of_progress",
				"stream": true
			}
		]
	},
	"music.lumina.reclaimed_by_nature": {
		"sounds": [
			{
				"name": "music/lumina/reclaimed_by_nature",
				"stream": true
			}
		]
	},
	"music.lumina.the_monument_crystal": {
		"sounds": [
			{
				"name": "music/lumina/the_monument_crystal",
				"stream": true
			}
		]
	},
	"music.lumina.the_whir_of_life": {
		"sounds": [
			{
				"name": "music/lumina/the_whir_of_life",
				"stream": true
			}
		]
	}
}