{
  "variants": {
    "attached=false,east=false,north=false,south=false,west=false": {
      "model": "minecraft:block/custom/tripwire"
    },
    "attached=false,east=false,north=false,south=false,west=true": {
      "model": "minecraft:block/custom/tripwire"
    },
    "attached=false,east=false,north=false,south=true,west=false": {
      "model": "minecraft:block/custom/tripwire"
    },
    "attached=false,east=false,north=false,south=true,west=true": {
      "model": "minecraft:block/custom/tripwire"
    },
    "attached=false,east=false,north=true,south=false,west=false": {
      "model": "minecraft:block/custom/tripwire"
    },
    "attached=false,east=false,north=true,south=false,west=true": {
      "model": "minecraft:block/custom/tripwire"
    },
    "attached=false,east=false,north=true,south=true,west=false": {
      "model": "minecraft:block/custom/tripwire"
    },
    "attached=false,east=false,north=true,south=true,west=true": {
      "model": "minecraft:block/custom/tripwire"
    },
    "attached=false,east=true,north=false,south=false,west=false": {
      "model": "minecraft:block/custom/tripwire"
    },
    "attached=false,east=true,north=false,south=false,west=true": {
      "model": "minecraft:block/custom/tripwire"
    },
    "attached=false,east=true,north=false,south=true,west=false": {
      "model": "minecraft:block/custom/tripwire"
    },
    "attached=false,east=true,north=false,south=true,west=true": {
      "model": "minecraft:block/custom/tripwire"
    },
    "attached=false,east=true,north=true,south=false,west=false": {
      "model": "minecraft:block/custom/tripwire"
    },
    "attached=false,east=true,north=true,south=false,west=true": {
      "model": "minecraft:block/custom/tripwire"
    },
    "attached=false,east=true,north=true,south=true,west=false": {
      "model": "minecraft:block/custom/tripwire"
    },
    "attached=false,east=true,north=true,south=true,west=true": {
      "model": "minecraft:block/custom/tripwire"
    },
    "attached=true,east=false,north=false,south=false,west=false": {
      "model": "minecraft:block/custom/tripwire"
    },
    "attached=true,east=false,north=false,south=false,west=true": {
      "model": "minecraft:block/custom/tripwire"
    },
    "attached=true,east=false,north=false,south=true,west=false": {
      "model": "minecraft:block/custom/tripwire"
    },
    "attached=true,east=false,north=false,south=true,west=true": {
      "model": "minecraft:block/custom/tripwire"
    },
    "attached=true,east=false,north=true,south=false,west=false": {
      "model": "minecraft:block/custom/tripwire"
    },
    "attached=true,east=false,north=true,south=false,west=true": {
      "model": "minecraft:block/custom/tripwire"
    },
    "attached=true,east=false,north=true,south=true,west=false": {
      "model": "minecraft:block/custom/tripwire"
    },
    "attached=true,east=false,north=true,south=true,west=true": {
      "model": "minecraft:block/custom/tripwire"
    },
    "attached=true,east=true,north=false,south=false,west=false": {
      "model": "minecraft:block/custom/tripwire"
    },
    "attached=true,east=true,north=false,south=false,west=true": {
      "model": "minecraft:block/custom/tripwire"
    },
    "attached=true,east=true,north=false,south=true,west=false": {
      "model": "minecraft:block/custom/tripwire"
    },
    "attached=true,east=true,north=false,south=true,west=true": {
      "model": "minecraft:block/custom/tripwire"
    },
    "attached=true,east=true,north=true,south=false,west=false": {
      "model": "minecraft:block/custom/tripwire"
    },
    "attached=true,east=true,north=true,south=false,west=true": {
      "model": "minecraft:block/custom/tripwire"
    },
    "attached=true,east=true,north=true,south=true,west=false": {
      "model": "minecraft:block/custom/tripwire"
    },
    "attached=true,east=true,north=true,south=true,west=true": {
      "model": "minecraft:block/custom/tripwire"
    }
  }
}