{
	"credit": "Made with Blockbench",
	"ambientocclusion": false,
	"textures": {
		"0": "block/flowers/allium",
		"1": "block/flowers/allium_2",
		"2": "block/flowers/allium_3",
		"particle": "block/flowers/allium"
	},
	"elements": [
		{
			"from": [8.75, 3.75, 10],
			"to": [10.75, 12.25, 10],
			"rotation": {"angle": 22.5, "axis": "x", "origin": [0, 0, 0]},
			"faces": {
				"north": {"uv": [0, 7.5, 2, 16], "texture": "#0"},
				"east": {"uv": [0, 0, 0, 7], "texture": "#missing"},
				"south": {"uv": [0, 7.5, 2, 16], "texture": "#0"},
				"west": {"uv": [0, 0, 0, 7], "texture": "#missing"},
				"up": {"uv": [0, 0, 2, 0], "rotation": 180, "texture": "#missing"},
				"down": {"uv": [0, 0, 2, 0], "rotation": 180, "texture": "#missing"}
			}
		},
		{
			"from": [1.75, 0, 6.25],
			"to": [3.75, 13, 6.25],
			"rotation": {"angle": 22.5, "axis": "y", "origin": [3, 0, 6.4]},
			"faces": {
				"north": {"uv": [7, 3, 9, 16], "texture": "#0"},
				"east": {"uv": [0, 0, 0, 13], "texture": "#missing"},
				"south": {"uv": [9, 3, 7, 16], "texture": "#0"},
				"west": {"uv": [0, 0, 0, 13], "texture": "#missing"},
				"up": {"uv": [0, 0, 2, 0], "texture": "#missing"},
				"down": {"uv": [0, 0, 2, 0], "texture": "#missing"}
			}
		},
		{
			"from": [2.8, 0, 5.25],
			"to": [2.8, 13, 7.25],
			"rotation": {"angle": 22.5, "axis": "y", "origin": [3, 0, 6.4]},
			"faces": {
				"north": {"uv": [0, 0, 0, 13], "texture": "#missing"},
				"east": {"uv": [7, 3, 9, 16], "texture": "#0"},
				"south": {"uv": [0, 0, 0, 13], "texture": "#missing"},
				"west": {"uv": [9, 3, 7, 16], "texture": "#0"},
				"up": {"uv": [0, 0, 2, 0], "rotation": 90, "texture": "#missing"},
				"down": {"uv": [0, 0, 2, 0], "rotation": 270, "texture": "#missing"}
			}
		},
		{
			"from": [8.75, 0, 11],
			"to": [10.75, 11, 11],
			"rotation": {"angle": 22.5, "axis": "y", "origin": [9.5, 0, 11]},
			"faces": {
				"north": {"uv": [7, 3, 9, 14], "texture": "#0"},
				"east": {"uv": [0, 0, 0, 13], "texture": "#missing"},
				"south": {"uv": [9, 3, 7, 14], "texture": "#0"},
				"west": {"uv": [0, 0, 0, 13], "texture": "#missing"},
				"up": {"uv": [0, 0, 2, 0], "texture": "#missing"},
				"down": {"uv": [0, 0, 2, 0], "texture": "#missing"}
			}
		},
		{
			"from": [9.8, 0, 10],
			"to": [9.8, 11, 12],
			"rotation": {"angle": 22.5, "axis": "y", "origin": [9.5, 0, 11]},
			"faces": {
				"north": {"uv": [0, 0, 0, 11], "texture": "#missing"},
				"east": {"uv": [7, 3, 9, 14], "texture": "#0"},
				"south": {"uv": [0, 0, 0, 13], "texture": "#missing"},
				"west": {"uv": [9, 3, 7, 14], "texture": "#0"},
				"up": {"uv": [0, 0, 2, 0], "rotation": 90, "texture": "#missing"},
				"down": {"uv": [0, 0, 2, 0], "rotation": 270, "texture": "#missing"}
			}
		},
		{
			"from": [6.25, 0, 8.5],
			"to": [8.25, 9, 8.5],
			"rotation": {"angle": 22.5, "axis": "y", "origin": [0, 0, 0]},
			"faces": {
				"north": {"uv": [7, 3, 9, 12], "texture": "#0"},
				"east": {"uv": [0, 0, 0, 13], "texture": "#missing"},
				"south": {"uv": [9, 3, 7, 12], "texture": "#0"},
				"west": {"uv": [0, 0, 0, 13], "texture": "#missing"},
				"up": {"uv": [0, 0, 2, 0], "texture": "#missing"},
				"down": {"uv": [0, 0, 2, 0], "texture": "#missing"}
			}
		},
		{
			"from": [7.3, 0, 7.5],
			"to": [7.3, 9, 9.5],
			"rotation": {"angle": 22.5, "axis": "y", "origin": [0, 0, 0]},
			"faces": {
				"north": {"uv": [0, 0, 0, 13], "texture": "#missing"},
				"east": {"uv": [7, 3, 9, 12], "texture": "#0"},
				"south": {"uv": [0, 0, 0, 13], "texture": "#missing"},
				"west": {"uv": [9, 3, 7, 12], "texture": "#0"},
				"up": {"uv": [0, 0, 2, 0], "rotation": 90, "texture": "#missing"},
				"down": {"uv": [0, 0, 2, 0], "rotation": 270, "texture": "#missing"}
			}
		},
		{
			"from": [2, -3.25, 5.5],
			"to": [4, 5.25, 5.5],
			"rotation": {"angle": -22.5, "axis": "x", "origin": [-2, 0, -1]},
			"faces": {
				"north": {"uv": [0, 7.5, 2, 16], "texture": "#0"},
				"east": {"uv": [0, 0, 0, 7], "texture": "#missing"},
				"south": {"uv": [0, 7.5, 2, 16], "texture": "#0"},
				"west": {"uv": [0, 0, 0, 7], "texture": "#missing"},
				"up": {"uv": [0, 0, 2, 0], "texture": "#missing"},
				"down": {"uv": [0, 0, 2, 0], "texture": "#missing"}
			}
		},
		{
			"from": [9, -4.25, 4.5],
			"to": [9, 4.25, 6.5],
			"rotation": {"angle": 22.5, "axis": "z", "origin": [0, 0, 0]},
			"faces": {
				"north": {"uv": [0, 0, 0, 7], "texture": "#missing"},
				"east": {"uv": [0, 7.5, 2, 16], "texture": "#0"},
				"south": {"uv": [0, 0, 0, 7], "texture": "#missing"},
				"west": {"uv": [0, 7.5, 2, 16], "texture": "#0"},
				"up": {"uv": [0, 0, 2, 0], "rotation": 270, "texture": "#missing"},
				"down": {"uv": [0, 0, 2, 0], "rotation": 90, "texture": "#missing"}
			}
		},
		{
			"from": [2.75, 11.75, 2.5],
			"to": [2.75, 19.25, 10],
			"rotation": {"angle": 0, "axis": "y", "origin": [2.75, 11.75, 2]},
			"faces": {
				"north": {"uv": [0, 0, 2, 8], "texture": "#2"},
				"east": {"uv": [4, 2.5, 11.5, 10], "texture": "#2"},
				"south": {"uv": [0, 0, 2, 8], "texture": "#2"},
				"west": {"uv": [4, 2.5, 11.5, 10], "texture": "#2"},
				"up": {"uv": [0, 0, 2, 8], "texture": "#missing"},
				"down": {"uv": [0, 0, 2, 8], "texture": "#missing"}
			}
		},
		{
			"from": [10, 7.5, 1.5],
			"to": [10, 15, 9],
			"rotation": {"angle": 45, "axis": "y", "origin": [10, 7.5, 5.25]},
			"faces": {
				"north": {"uv": [0, 0, 2, 8], "texture": "#missing"},
				"east": {"uv": [4, 2.5, 11.5, 10], "texture": "#1"},
				"south": {"uv": [0, 0, 2, 8], "texture": "#missing"},
				"west": {"uv": [4, 2.5, 11.5, 10], "texture": "#1"},
				"up": {"uv": [0, 0, 2, 8], "texture": "#missing"},
				"down": {"uv": [0, 0, 2, 8], "texture": "#missing"}
			}
		},
		{
			"from": [6.25, 7.5, 5.25],
			"to": [13.75, 15, 5.25],
			"rotation": {"angle": 45, "axis": "y", "origin": [10, 7.5, 5.25]},
			"faces": {
				"north": {"uv": [4, 2.5, 11.5, 10], "texture": "#1"},
				"east": {"uv": [0, 0, 2, 8], "texture": "#missing"},
				"south": {"uv": [4, 2.5, 11.5, 10], "texture": "#1"},
				"west": {"uv": [0, 0, 2, 8], "texture": "#missing"},
				"up": {"uv": [0, 0, 2, 8], "rotation": 90, "texture": "#missing"},
				"down": {"uv": [0, 0, 2, 8], "rotation": 270, "texture": "#missing"}
			}
		},
		{
			"from": [6.25, 7.5, 5.25],
			"to": [13.75, 15, 5.25],
			"rotation": {"angle": 0, "axis": "y", "origin": [10, 7.5, 5.25]},
			"faces": {
				"north": {"uv": [4, 2.5, 11.5, 10], "texture": "#1"},
				"east": {"uv": [0, 0, 2, 8], "texture": "#missing"},
				"south": {"uv": [4, 2.5, 11.5, 10], "texture": "#1"},
				"west": {"uv": [0, 0, 2, 8], "texture": "#missing"},
				"up": {"uv": [0, 0, 2, 8], "rotation": 90, "texture": "#missing"},
				"down": {"uv": [0, 0, 2, 8], "rotation": 270, "texture": "#missing"}
			}
		},
		{
			"from": [10, 7.5, 1.5],
			"to": [10, 15, 9],
			"rotation": {"angle": 0, "axis": "y", "origin": [10, 7.5, 1]},
			"faces": {
				"north": {"uv": [0, 0, 2, 8], "texture": "#missing"},
				"east": {"uv": [4, 2.5, 11.5, 10], "texture": "#1"},
				"south": {"uv": [0, 0, 2, 8], "texture": "#missing"},
				"west": {"uv": [4, 2.5, 11.5, 10], "texture": "#1"},
				"up": {"uv": [0, 0, 2, 8], "texture": "#missing"},
				"down": {"uv": [0, 0, 2, 8], "texture": "#missing"}
			}
		},
		{
			"from": [10, 9.75, 7.25],
			"to": [10, 17.25, 14.75],
			"rotation": {"angle": 22.5, "axis": "y", "origin": [10, 9.75, 11]},
			"faces": {
				"north": {"uv": [0, 0, 2, 8], "texture": "#missing"},
				"east": {"uv": [4, 2.5, 11.5, 10], "texture": "#1"},
				"south": {"uv": [0, 0, 2, 8], "texture": "#missing"},
				"west": {"uv": [4, 2.5, 11.5, 10], "texture": "#1"},
				"up": {"uv": [0, 0, 2, 8], "texture": "#missing"},
				"down": {"uv": [0, 0, 2, 8], "texture": "#missing"}
			}
		},
		{
			"from": [6.25, 9.75, 11],
			"to": [13.75, 17.25, 11],
			"rotation": {"angle": 22.5, "axis": "y", "origin": [10, 9.75, 11]},
			"faces": {
				"north": {"uv": [4, 2.5, 11.5, 10], "texture": "#1"},
				"east": {"uv": [0, 0, 2, 8], "texture": "#missing"},
				"south": {"uv": [4, 2.5, 11.5, 10], "texture": "#1"},
				"west": {"uv": [0, 0, 2, 8], "texture": "#missing"},
				"up": {"uv": [0, 0, 2, 8], "rotation": 90, "texture": "#missing"},
				"down": {"uv": [0, 0, 2, 8], "rotation": 270, "texture": "#missing"}
			}
		},
		{
			"from": [6.25, 9.75, 11],
			"to": [13.75, 17.25, 11],
			"rotation": {"angle": -22.5, "axis": "y", "origin": [10, 9.75, 11]},
			"faces": {
				"north": {"uv": [4, 2.5, 11.5, 10], "texture": "#1"},
				"east": {"uv": [0, 0, 2, 8], "texture": "#missing"},
				"south": {"uv": [4, 2.5, 11.5, 10], "texture": "#1"},
				"west": {"uv": [0, 0, 2, 8], "texture": "#missing"},
				"up": {"uv": [0, 0, 2, 8], "rotation": 90, "texture": "#missing"},
				"down": {"uv": [0, 0, 2, 8], "rotation": 270, "texture": "#missing"}
			}
		},
		{
			"from": [11.75, 9.75, 7.25],
			"to": [11.75, 17.25, 14.75],
			"rotation": {"angle": -22.5, "axis": "y", "origin": [10, 9.75, 6.75]},
			"faces": {
				"north": {"uv": [0, 0, 2, 8], "texture": "#missing"},
				"east": {"uv": [4, 2.5, 11.5, 10], "texture": "#1"},
				"south": {"uv": [0, 0, 2, 8], "texture": "#missing"},
				"west": {"uv": [4, 2.5, 11.5, 10], "texture": "#1"},
				"up": {"uv": [0, 0, 2, 8], "texture": "#missing"},
				"down": {"uv": [0, 0, 2, 8], "texture": "#missing"}
			}
		},
		{
			"from": [-1, 11.75, 6.25],
			"to": [6.5, 19.25, 6.25],
			"rotation": {"angle": 0, "axis": "y", "origin": [2.75, 11.75, 6.25]},
			"faces": {
				"north": {"uv": [4, 2.5, 11.5, 10], "texture": "#2"},
				"east": {"uv": [0, 0, 2, 8], "texture": "#2"},
				"south": {"uv": [4, 2.5, 11.5, 10], "texture": "#2"},
				"west": {"uv": [0, 0, 2, 8], "texture": "#2"},
				"up": {"uv": [0, 0, 2, 8], "rotation": 90, "texture": "#missing"},
				"down": {"uv": [0, 0, 2, 8], "rotation": 270, "texture": "#missing"}
			}
		},
		{
			"from": [-1, 11.75, 6.25],
			"to": [6.5, 19.25, 6.25],
			"rotation": {"angle": 45, "axis": "y", "origin": [2.75, 11.75, 6.25]},
			"faces": {
				"north": {"uv": [4, 2.5, 11.5, 10], "texture": "#2"},
				"east": {"uv": [0, 0, 2, 8], "texture": "#2"},
				"south": {"uv": [4, 2.5, 11.5, 10], "texture": "#2"},
				"west": {"uv": [0, 0, 2, 8], "texture": "#2"},
				"up": {"uv": [0, 0, 2, 8], "rotation": 90, "texture": "#missing"},
				"down": {"uv": [0, 0, 2, 8], "rotation": 270, "texture": "#missing"}
			}
		},
		{
			"from": [2.75, 11.75, 2.5],
			"to": [2.75, 19.25, 10],
			"rotation": {"angle": 45, "axis": "y", "origin": [2.75, 11.75, 6.25]},
			"faces": {
				"north": {"uv": [0, 0, 2, 8], "texture": "#2"},
				"east": {"uv": [4, 2.5, 11.5, 10], "texture": "#2"},
				"south": {"uv": [0, 0, 2, 8], "texture": "#2"},
				"west": {"uv": [4, 2.5, 11.5, 10], "texture": "#2"},
				"up": {"uv": [0, 0, 2, 8], "texture": "#missing"},
				"down": {"uv": [0, 0, 2, 8], "texture": "#missing"}
			}
		}
	],
	"groups": [
		{
			"name": "stem",
			"origin": [0, 0, 0],
			"color": 0,
			"children": [0, 1, 2, 3, 4, 5, 6, 7, 8]
		},
		9,
		10,
		11,
		12,
		13,
		14,
		15,
		16,
		17,
		18,
		19,
		20
	]
}