{
	"credit": "Made with Blockbench",
	"parent": "minecraft:block/stem_fruit",
	"textures": {
		"0": "block/crops/melon_stem_big_2",
		"1": "block/crops/melon_leaves",
		"2": "block/crops/melon_details",
		"particle": "block/crops/melon_stem_big_2"
	},
	"elements": [
		{
			"from": [-16, -1, 8],
			"to": [16, 31, 8],
			"faces": {
				"north": {"uv": [0, 0, 16, 16], "texture": "#0"},
				"east": {"uv": [0, 0, 0, 16], "texture": "#missing"},
				"south": {"uv": [16, 0, 0, 16], "texture": "#0"},
				"west": {"uv": [0, 0, 0, 16], "texture": "#missing"},
				"up": {"uv": [0, 0, 16, 0], "texture": "#missing"},
				"down": {"uv": [0, 0, 16, 0], "texture": "#missing"}
			}
		},
		{
			"from": [-6.5, 20, 0.25],
			"to": [3.5, 20, 10.25],
			"rotation": {"angle": -22.5, "axis": "z", "origin": [0, 0, 0]},
			"faces": {
				"north": {"uv": [0, 0, 10, 0], "texture": "#missing"},
				"east": {"uv": [0, 0, 16, 0], "texture": "#missing"},
				"south": {"uv": [0, 0, 10, 0], "texture": "#missing"},
				"west": {"uv": [0, 0, 16, 0], "texture": "#missing"},
				"up": {"uv": [3.5, 2.5, 13.5, 12.5], "texture": "#1"},
				"down": {"uv": [3.5, 12.5, 13.5, 2.5], "texture": "#1"}
			}
		},
		{
			"from": [-1.5, 17, 14.25],
			"to": [8.5, 17, 24.25],
			"rotation": {"angle": -22.5, "axis": "x", "origin": [0, 0, 0]},
			"faces": {
				"north": {"uv": [0, 0, 16, 0], "texture": "#missing"},
				"east": {"uv": [0, 0, 10, 0], "texture": "#missing"},
				"south": {"uv": [0, 0, 16, 0], "texture": "#missing"},
				"west": {"uv": [0, 0, 10, 0], "texture": "#missing"},
				"up": {"uv": [3.5, 2.5, 13.5, 12.5], "rotation": 90, "texture": "#1"},
				"down": {"uv": [3.5, 12.5, 13.5, 2.5], "rotation": 270, "texture": "#1"}
			}
		},
		{
			"from": [-9.95, 9.8, 6.35],
			"to": [0.05, 9.8, 16.35],
			"rotation": {"angle": 45, "axis": "y", "origin": [0, 0, 0]},
			"faces": {
				"north": {"uv": [0, 0, 10, 0], "texture": "#missing"},
				"east": {"uv": [0, 0, 16, 0], "texture": "#missing"},
				"south": {"uv": [0, 0, 10, 0], "texture": "#missing"},
				"west": {"uv": [0, 0, 16, 0], "texture": "#missing"},
				"up": {"uv": [3.5, 2.5, 13.5, 12.5], "rotation": 180, "texture": "#1"},
				"down": {"uv": [3.5, 12.5, 13.5, 2.5], "rotation": 180, "texture": "#1"}
			}
		},
		{
			"from": [-12, 23, 0.25],
			"to": [-5.5, 23, 7.25],
			"rotation": {"angle": 22.5, "axis": "y", "origin": [0, 0, 0]},
			"faces": {
				"north": {"uv": [0, 0, 16, 0], "texture": "#missing"},
				"east": {"uv": [0, 0, 10, 0], "texture": "#missing"},
				"south": {"uv": [0, 0, 16, 0], "texture": "#missing"},
				"west": {"uv": [0, 0, 10, 0], "texture": "#missing"},
				"up": {"uv": [0, 0, 7, 6.5], "rotation": 270, "texture": "#2"},
				"down": {"uv": [0, 6.5, 7, 0], "rotation": 90, "texture": "#2"}
			}
		},
		{
			"from": [-2.25, 15.5, 2.25],
			"to": [4.75, 15.5, 8.75],
			"rotation": {"angle": -22.5, "axis": "z", "origin": [0, 0, 0]},
			"faces": {
				"north": {"uv": [0, 0, 10, 0], "texture": "#missing"},
				"east": {"uv": [0, 0, 16, 0], "texture": "#missing"},
				"south": {"uv": [0, 0, 10, 0], "texture": "#missing"},
				"west": {"uv": [0, 0, 16, 0], "texture": "#missing"},
				"up": {"uv": [0, 0, 7, 6.5], "texture": "#2"},
				"down": {"uv": [0, 6.5, 7, 0], "texture": "#2"}
			}
		},
		{
			"name": "melon_top",
			"from": [-2.25, 16, 9.75],
			"to": [1.75, 17, 13.75],
			"rotation": {"angle": -45, "axis": "y", "origin": [0, 0, 0]},
			"faces": {
				"north": {"uv": [0, 12, 4, 13], "texture": "#2"},
				"east": {"uv": [0, 12, 4, 13], "texture": "#2"},
				"south": {"uv": [0, 12, 4, 13], "texture": "#2"},
				"west": {"uv": [0, 12, 4, 13], "texture": "#2"},
				"up": {"uv": [0, 12, 4, 16], "texture": "#2"},
				"down": {"uv": [0, 12, 4, 16], "texture": "#2"}
			}
		}
	]
}