{
	"credit": "Made with Blockbench",
	"parent": "minecraft:block/stem_fruit",
	"textures": {
		"0": "block/crops/pumpkin_stem_big",
		"1": "block/crops/pumpkin_leaves",
		"2": "block/crops/pumpkin_details",
		"3": "block/crops/pumpkin_stem_extra",
		"particle": "block/crops/pumpkin_stem_big"
	},
	"elements": [
		{
			"from": [-16, -1, 8],
			"to": [16, 31, 8],
			"faces": {
				"north": {"uv": [0, 0, 16, 16], "texture": "#0"},
				"east": {"uv": [0, 0, 0, 16], "texture": "#missing"},
				"south": {"uv": [16, 0, 0, 16], "texture": "#0"},
				"west": {"uv": [0, 0, 0, 16], "texture": "#missing"},
				"up": {"uv": [0, 0, 16, 0], "texture": "#missing"},
				"down": {"uv": [0, 0, 16, 0], "texture": "#missing"}
			}
		},
		{
			"from": [0.5, 9, 0.25],
			"to": [10.5, 9, 10.25],
			"rotation": {"angle": -22.5, "axis": "z", "origin": [0, 0, 0]},
			"faces": {
				"north": {"uv": [0, 0, 10, 0], "texture": "#missing"},
				"east": {"uv": [0, 0, 16, 0], "texture": "#missing"},
				"south": {"uv": [0, 0, 10, 0], "texture": "#missing"},
				"west": {"uv": [0, 0, 16, 0], "texture": "#missing"},
				"up": {"uv": [3.5, 2.5, 13.5, 12.5], "texture": "#1"},
				"down": {"uv": [3.5, 12.5, 13.5, 2.5], "texture": "#1"}
			}
		},
		{
			"from": [6.75, 13, 12.5],
			"to": [16.75, 13, 22.5],
			"rotation": {"angle": -22.5, "axis": "x", "origin": [0, 0, 0]},
			"faces": {
				"north": {"uv": [0, 0, 16, 0], "texture": "#missing"},
				"east": {"uv": [0, 0, 10, 0], "texture": "#missing"},
				"south": {"uv": [0, 0, 16, 0], "texture": "#missing"},
				"west": {"uv": [0, 0, 10, 0], "texture": "#missing"},
				"up": {"uv": [3.5, 2.5, 13.5, 12.5], "rotation": 90, "texture": "#1"},
				"down": {"uv": [3.5, 12.5, 13.5, 2.5], "rotation": 270, "texture": "#1"}
			}
		},
		{
			"from": [-1.95, 23.8, 5.35],
			"to": [8.05, 23.8, 15.35],
			"rotation": {"angle": 22.5, "axis": "z", "origin": [0, 0, 0]},
			"faces": {
				"north": {"uv": [0, 0, 10, 0], "texture": "#missing"},
				"east": {"uv": [0, 0, 16, 0], "texture": "#missing"},
				"south": {"uv": [0, 0, 10, 0], "texture": "#missing"},
				"west": {"uv": [0, 0, 16, 0], "texture": "#missing"},
				"up": {"uv": [3.5, 2.5, 13.5, 12.5], "rotation": 180, "texture": "#1"},
				"down": {"uv": [3.5, 12.5, 13.5, 2.5], "rotation": 180, "texture": "#1"}
			}
		},
		{
			"from": [1.75, 23, 4],
			"to": [8.75, 23, 10.5],
			"rotation": {"angle": 22.5, "axis": "y", "origin": [0, 0, 0]},
			"faces": {
				"north": {"uv": [0, 0, 10, 0], "texture": "#missing"},
				"east": {"uv": [0, 0, 16, 0], "texture": "#missing"},
				"south": {"uv": [0, 0, 10, 0], "texture": "#missing"},
				"west": {"uv": [0, 0, 16, 0], "texture": "#missing"},
				"up": {"uv": [0, 0, 7, 6.5], "texture": "#2"},
				"down": {"uv": [0, 6.5, 7, 0], "texture": "#2"}
			}
		},
		{
			"from": [-1.5, 22.5, 1.75],
			"to": [5.5, 22.5, 8.25],
			"rotation": {"angle": -22.5, "axis": "z", "origin": [0, 0, 0]},
			"faces": {
				"north": {"uv": [0, 0, 10, 0], "texture": "#missing"},
				"east": {"uv": [0, 0, 16, 0], "texture": "#missing"},
				"south": {"uv": [0, 0, 10, 0], "texture": "#missing"},
				"west": {"uv": [0, 0, 16, 0], "texture": "#missing"},
				"up": {"uv": [0, 0, 7, 6.5], "texture": "#2"},
				"down": {"uv": [0, 6.5, 7, 0], "texture": "#2"}
			}
		},
		{
			"name": "pumpkin_top",
			"from": [-2.25, 16, 9.75],
			"to": [1.75, 17, 13.75],
			"rotation": {"angle": -45, "axis": "y", "origin": [0, 0, 0]},
			"faces": {
				"north": {"uv": [0, 12, 4, 13], "texture": "#2"},
				"east": {"uv": [0, 12, 4, 13], "texture": "#2"},
				"south": {"uv": [0, 12, 4, 13], "texture": "#2"},
				"west": {"uv": [0, 12, 4, 13], "texture": "#2"},
				"up": {"uv": [0, 12, 4, 16], "texture": "#2"},
				"down": {"uv": [0, 12, 4, 16], "texture": "#2"}
			}
		},
		{
			"name": "pumpkin_top",
			"from": [12, 7, 8.5],
			"to": [15, 8, 11.5],
			"rotation": {"angle": -22.5, "axis": "y", "origin": [0, 0, 0]},
			"faces": {
				"north": {"uv": [0, 12, 3, 13], "texture": "#2"},
				"east": {"uv": [0, 12, 3, 13], "texture": "#2"},
				"south": {"uv": [0, 12, 3, 13], "texture": "#2"},
				"west": {"uv": [0, 12, 3, 13], "texture": "#2"},
				"up": {"uv": [0, 12, 3, 15], "texture": "#2"},
				"down": {"uv": [0, 12, 4, 16], "texture": "#2"}
			}
		},
		{
			"from": [-1, 0, 13],
			"to": [6, 7, 20],
			"rotation": {"angle": 22.5, "axis": "y", "origin": [0, 0, 0]},
			"faces": {
				"north": {"uv": [8, 8, 16, 16], "texture": "#2"},
				"east": {"uv": [8, 8, 16, 16], "texture": "#2"},
				"south": {"uv": [8, 8, 16, 16], "texture": "#2"},
				"west": {"uv": [8, 8, 16, 16], "texture": "#2"},
				"up": {"uv": [8, 0, 16, 8], "texture": "#2"},
				"down": {"uv": [8, 0, 16, 8], "texture": "#2"}
			}
		},
		{
			"from": [2.4, 7, 9.7],
			"to": [2.4, 12, 18.7],
			"rotation": {"angle": 22.5, "axis": "y", "origin": [0, 0, 0]},
			"faces": {
				"north": {"uv": [0, 0, 0, 5], "texture": "#missing"},
				"east": {"uv": [15.5, 10, 6.5, 15], "texture": "#3"},
				"south": {"uv": [0, 0, 0, 5], "texture": "#missing"},
				"west": {"uv": [6.5, 10, 15.5, 15], "texture": "#3"},
				"up": {"uv": [0, 0, 0, 9], "texture": "#missing"},
				"down": {"uv": [0, 0, 0, 9], "texture": "#missing"}
			}
		}
	]
}