{
	"credit": "Made with Blockbench",
	"ambientocclusion": false,
	"textures": {
		"0": "block/flowers/azure_stem",
		"particle": "block/flowers/azure_stem"
	},
	"elements": [
		{
			"from": [0, 0, 8],
			"to": [16, 7, 8],
			"rotation": {"angle": -45, "axis": "y", "origin": [8, 0, 8]},
			"faces": {
				"north": {"uv": [0, 9, 16, 16], "texture": "#0"},
				"east": {"uv": [0, 0, 2, 9], "texture": "#missing"},
				"south": {"uv": [16, 9, 0, 16], "texture": "#0"},
				"west": {"uv": [0, 0, 2, 9], "texture": "#missing"},
				"up": {"uv": [0, 0, 16, 2], "texture": "#missing"},
				"down": {"uv": [0, 0, 16, 2], "texture": "#missing"}
			}
		},
		{
			"from": [8, 0, 0],
			"to": [8, 7, 16],
			"rotation": {"angle": -45, "axis": "y", "origin": [8, 0, 8]},
			"faces": {
				"north": {"uv": [0, 0, 2, 9], "texture": "#missing"},
				"east": {"uv": [16, 9, 0, 16], "texture": "#0"},
				"south": {"uv": [0, 0, 2, 9], "texture": "#missing"},
				"west": {"uv": [0, 9, 16, 16], "texture": "#0"},
				"up": {"uv": [0, 0, 16, 2], "rotation": 270, "texture": "#missing"},
				"down": {"uv": [0, 0, 16, 2], "rotation": 90, "texture": "#missing"}
			}
		},
		{
			"from": [7.7, 8.9, 4.2],
			"to": [9.2, 8.9, 5.7],
			"rotation": {"angle": -22.5, "axis": "z", "origin": [0, 0, 0]},
			"faces": {
				"north": {"uv": [0, 0, 2, 0], "texture": "#missing"},
				"east": {"uv": [0, 0, 2, 0], "texture": "#missing"},
				"south": {"uv": [0, 0, 2, 0], "texture": "#missing"},
				"west": {"uv": [0, 0, 2, 0], "texture": "#missing"},
				"up": {"uv": [1, 0.5, 2.5, 2], "texture": "#0"},
				"down": {"uv": [1, 0.5, 2.5, 2], "texture": "#0"}
			}
		},
		{
			"from": [3.9, 5.5, 3.9],
			"to": [5.4, 5.5, 5.4],
			"faces": {
				"north": {"uv": [0, 0, 2, 0], "texture": "#missing"},
				"east": {"uv": [0, 0, 2, 0], "texture": "#missing"},
				"south": {"uv": [0, 0, 2, 0], "texture": "#missing"},
				"west": {"uv": [0, 0, 2, 0], "texture": "#missing"},
				"up": {"uv": [1, 0.5, 2.5, 2], "texture": "#0"},
				"down": {"uv": [1, 0.5, 2.5, 2], "texture": "#0"}
			}
		},
		{
			"from": [6.75, 4.55, 4.85],
			"to": [8.25, 4.55, 6.35],
			"faces": {
				"north": {"uv": [0, 0, 2, 0], "texture": "#missing"},
				"east": {"uv": [0, 0, 2, 0], "texture": "#missing"},
				"south": {"uv": [0, 0, 2, 0], "texture": "#missing"},
				"west": {"uv": [0, 0, 2, 0], "texture": "#missing"},
				"up": {"uv": [1, 0.5, 2.5, 2], "texture": "#0"},
				"down": {"uv": [1, 0.5, 2.5, 2], "texture": "#0"}
			}
		},
		{
			"from": [8.75, 2.05, 7.35],
			"to": [10.25, 2.05, 8.85],
			"faces": {
				"north": {"uv": [0, 0, 2, 0], "texture": "#missing"},
				"east": {"uv": [0, 0, 2, 0], "texture": "#missing"},
				"south": {"uv": [0, 0, 2, 0], "texture": "#missing"},
				"west": {"uv": [0, 0, 2, 0], "texture": "#missing"},
				"up": {"uv": [1, 0.5, 2.5, 2], "texture": "#0"},
				"down": {"uv": [1, 0.5, 2.5, 2], "texture": "#0"}
			}
		},
		{
			"from": [3.4, 2, 6.2],
			"to": [4.9, 2, 7.7],
			"faces": {
				"north": {"uv": [0, 0, 2, 0], "texture": "#missing"},
				"east": {"uv": [0, 0, 2, 0], "texture": "#missing"},
				"south": {"uv": [0, 0, 2, 0], "texture": "#missing"},
				"west": {"uv": [0, 0, 2, 0], "texture": "#missing"},
				"up": {"uv": [1, 0.5, 2.5, 2], "texture": "#0"},
				"down": {"uv": [1, 0.5, 2.5, 2], "texture": "#0"}
			}
		},
		{
			"from": [3.9, 5.5, 10.7],
			"to": [5.4, 5.5, 12.2],
			"faces": {
				"north": {"uv": [0, 0, 2, 0], "texture": "#missing"},
				"east": {"uv": [0, 0, 2, 0], "texture": "#missing"},
				"south": {"uv": [0, 0, 2, 0], "texture": "#missing"},
				"west": {"uv": [0, 0, 2, 0], "texture": "#missing"},
				"up": {"uv": [1, 0.5, 2.5, 2], "texture": "#0"},
				"down": {"uv": [1, 0.5, 2.5, 2], "texture": "#0"}
			}
		},
		{
			"from": [8.9, 6, 8.85],
			"to": [10.4, 6, 10.35],
			"faces": {
				"north": {"uv": [0, 0, 2, 0], "texture": "#missing"},
				"east": {"uv": [0, 0, 2, 0], "texture": "#missing"},
				"south": {"uv": [0, 0, 2, 0], "texture": "#missing"},
				"west": {"uv": [0, 0, 2, 0], "texture": "#missing"},
				"up": {"uv": [1, 0.5, 2.5, 2], "texture": "#0"},
				"down": {"uv": [1, 0.5, 2.5, 2], "texture": "#0"}
			}
		},
		{
			"from": [6.1, 2.1, 9.7],
			"to": [7.6, 2.1, 11.2],
			"rotation": {"angle": 22.5, "axis": "z", "origin": [0, 0, 0]},
			"faces": {
				"north": {"uv": [0, 0, 2, 0], "texture": "#missing"},
				"east": {"uv": [0, 0, 2, 0], "texture": "#missing"},
				"south": {"uv": [0, 0, 2, 0], "texture": "#missing"},
				"west": {"uv": [0, 0, 2, 0], "texture": "#missing"},
				"up": {"uv": [1, 0.5, 2.5, 2], "texture": "#0"},
				"down": {"uv": [1, 0.5, 2.5, 2], "texture": "#0"}
			}
		},
		{
			"from": [4.9, 6.45, 2.9],
			"to": [6.4, 6.45, 4.4],
			"rotation": {"angle": 22.5, "axis": "x", "origin": [0, 0, 0]},
			"faces": {
				"north": {"uv": [0, 0, 2, 0], "texture": "#missing"},
				"east": {"uv": [0, 0, 2, 0], "texture": "#missing"},
				"south": {"uv": [0, 0, 2, 0], "texture": "#missing"},
				"west": {"uv": [0, 0, 2, 0], "texture": "#missing"},
				"up": {"uv": [1, 0.5, 2.5, 2], "texture": "#0"},
				"down": {"uv": [1, 0.5, 2.5, 2], "texture": "#0"}
			}
		},
		{
			"from": [7, 3.1, 8.5],
			"to": [9.5, 3.1, 11],
			"rotation": {"angle": -22.5, "axis": "x", "origin": [0, 0, 0]},
			"faces": {
				"north": {"uv": [0, 0, 2, 0], "texture": "#missing"},
				"east": {"uv": [0, 0, 2, 0], "texture": "#missing"},
				"south": {"uv": [0, 0, 2, 0], "texture": "#missing"},
				"west": {"uv": [0, 0, 2, 0], "texture": "#missing"},
				"up": {"uv": [3, 0, 5.5, 2.5], "texture": "#0"},
				"down": {"uv": [3, 0, 5.5, 2.5], "texture": "#0"}
			}
		},
		{
			"from": [9.85, 5, 9.65],
			"to": [12.35, 5, 12.15],
			"faces": {
				"north": {"uv": [0, 0, 2, 0], "texture": "#missing"},
				"east": {"uv": [0, 0, 2, 0], "texture": "#missing"},
				"south": {"uv": [0, 0, 2, 0], "texture": "#missing"},
				"west": {"uv": [0, 0, 2, 0], "texture": "#missing"},
				"up": {"uv": [3, 0, 5.5, 2.5], "texture": "#0"},
				"down": {"uv": [3, 0, 5.5, 2.5], "texture": "#0"}
			}
		},
		{
			"from": [8.55, 8.9, 5.65],
			"to": [11.05, 8.9, 8.15],
			"rotation": {"angle": -22.5, "axis": "z", "origin": [0, 0, 0]},
			"faces": {
				"north": {"uv": [0, 0, 2, 0], "texture": "#missing"},
				"east": {"uv": [0, 0, 2, 0], "texture": "#missing"},
				"south": {"uv": [0, 0, 2, 0], "texture": "#missing"},
				"west": {"uv": [0, 0, 2, 0], "texture": "#missing"},
				"up": {"uv": [3, 0, 5.5, 2.5], "texture": "#0"},
				"down": {"uv": [3, 0, 5.5, 2.5], "texture": "#0"}
			}
		},
		{
			"from": [6.75, 2.1, 5.85],
			"to": [9.25, 2.1, 8.35],
			"rotation": {"angle": 22.5, "axis": "z", "origin": [0, 0, 0]},
			"faces": {
				"north": {"uv": [0, 0, 2, 0], "texture": "#missing"},
				"east": {"uv": [0, 0, 2, 0], "texture": "#missing"},
				"south": {"uv": [0, 0, 2, 0], "texture": "#missing"},
				"west": {"uv": [0, 0, 2, 0], "texture": "#missing"},
				"up": {"uv": [3, 0, 5.5, 2.5], "texture": "#0"},
				"down": {"uv": [3, 0, 5.5, 2.5], "texture": "#0"}
			}
		},
		{
			"from": [1, 0, 8],
			"to": [5, 4.5, 8],
			"rotation": {"angle": 22.5, "axis": "y", "origin": [0, 0, 0]},
			"faces": {
				"north": {"uv": [10.5, 0, 14.5, 4.5], "texture": "#0"},
				"east": {"uv": [0, 0, 0, 4.5], "texture": "#missing"},
				"south": {"uv": [14.5, 0, 10.5, 4.5], "texture": "#0"},
				"west": {"uv": [0, 0, 0, 4.5], "texture": "#missing"},
				"up": {"uv": [0, 0, 4, 0], "texture": "#missing"},
				"down": {"uv": [0, 0, 4, 0], "texture": "#missing"}
			}
		},
		{
			"from": [5, 0, 11],
			"to": [9, 4.5, 11],
			"rotation": {"angle": 22.5, "axis": "y", "origin": [0, 0, 0]},
			"faces": {
				"north": {"uv": [10.5, 0, 14.5, 4.5], "texture": "#0"},
				"east": {"uv": [0, 0, 0, 4.5], "texture": "#missing"},
				"south": {"uv": [14.5, 0, 10.5, 4.5], "texture": "#0"},
				"west": {"uv": [0, 0, 0, 4.5], "texture": "#missing"},
				"up": {"uv": [0, 0, 4, 0], "texture": "#missing"},
				"down": {"uv": [0, 0, 4, 0], "texture": "#missing"}
			}
		}
	],
	"display": {
		"thirdperson_righthand": {
			"translation": [0, 1.5, 0.5],
			"scale": [0.5, 0.5, 0.5]
		},
		"thirdperson_lefthand": {
			"translation": [0, 1.5, 0.5],
			"scale": [0.5, 0.5, 0.5]
		},
		"firstperson_righthand": {
			"translation": [0, 2.75, 2.5],
			"scale": [0.75, 0.75, 0.75]
		},
		"firstperson_lefthand": {
			"rotation": [0, -39, 0],
			"translation": [0, 2.75, 2.25],
			"scale": [0.75, 0.75, 0.75]
		},
		"gui": {
			"rotation": [27, 48, 0]
		},
		"head": {
			"translation": [0, 14.5, 0]
		},
		"fixed": {
			"translation": [0, 0, 0.25]
		}
	}
}