{
	"credit": "Made with Blockbench",
	"textures": {
		"0": "block/bamboo_fence",
		"particle": "block/bamboo_fence"
	},
	"elements": [
		{
			"from": [6.5, 12, 0],
			"to": [9.5, 15, 6],
			"rotation": {"angle": 0, "axis": "y", "origin": [8, 0, 8]},
			"faces": {
				"north": {"uv": [0, 0, 3, 3], "texture": "#0"},
				"east": {"uv": [8.5, 0, 14.5, 3], "texture": "#0"},
				"west": {"uv": [14.5, 0, 8.5, 3], "texture": "#0"},
				"up": {"uv": [0, 6.5, 3, 12.5], "rotation": 180, "texture": "#0"},
				"down": {"uv": [0, 6.5, 3, 12.5], "texture": "#0"}
			}
		},
		{
			"from": [7, 0, 3],
			"to": [9, 12, 5],
			"rotation": {"angle": 0, "axis": "y", "origin": [8, 0, 8]},
			"faces": {
				"north": {"uv": [0, 3.5, 2, 15.5], "texture": "#0"},
				"east": {"uv": [0, 3.5, 2, 15.5], "texture": "#0"},
				"south": {"uv": [0, 3.5, 2, 15.5], "texture": "#0"},
				"west": {"uv": [0, 3.5, 2, 15.5], "texture": "#0"},
				"down": {"uv": [0, 0, 2, 2], "texture": "#missing"}
			}
		},
		{
			"from": [7, 0, 0],
			"to": [9, 12, 1],
			"rotation": {"angle": 0, "axis": "y", "origin": [8, 0, 8]},
			"faces": {
				"north": {"uv": [0, 3.5, 2, 15.5], "texture": "#0"},
				"east": {"uv": [0, 3.5, 1, 15.5], "texture": "#0"},
				"south": {"uv": [0, 3.5, 2, 15.5], "texture": "#0"},
				"west": {"uv": [0, 3.5, 1, 15.5], "texture": "#0"},
				"down": {"uv": [0, 0, 2, 1], "texture": "#missing"}
			}
		}
	]
}