{
	"credit": "Made with Blockbench",
	"texture_size": [32, 32],
	"textures": {
		"2": "block/birch_door_top",
		"3": "block/stripped_spruce_log",
		"particle": "block/birch_door_bottom"
	},
	"elements": [
		{
			"name": "Cloth",
			"from": [2, 0, 1],
			"to": [3, 15, 15],
			"faces": {
				"east": {"uv": [1, 1, 15, 16], "texture": "#2"},
				"west": {"uv": [15, 1, 1, 16], "texture": "#2"}
			}
		},
		{
			"from": [1, 0, 0],
			"to": [4, 16, 1],
			"faces": {
				"north": {"uv": [0, 0, 3, 16], "texture": "#3"},
				"east": {"uv": [1, 0, 0, 16], "texture": "#2"},
				"south": {"uv": [0, 0, 3, 16], "texture": "#3"},
				"west": {"uv": [16, 0, 15, 16], "texture": "#2"},
				"up": {"uv": [3, 14.5, 6, 15.5], "texture": "#3"},
				"down": {"uv": [3, 14.5, 6, 15.5], "texture": "#3"}
			}
		},
		{
			"from": [1, 0, 15],
			"to": [4, 16, 16],
			"faces": {
				"north": {"uv": [0, 0, 3, 16], "texture": "#3"},
				"east": {"uv": [0, 0, 1, 16], "texture": "#2"},
				"south": {"uv": [0, 0, 3, 16], "texture": "#3"},
				"west": {"uv": [15, 0, 16, 16], "texture": "#2"},
				"up": {"uv": [3, 13, 6, 14], "texture": "#3"},
				"down": {"uv": [3, 15, 6, 16], "texture": "#3"}
			}
		},
		{
			"from": [1, 0, 4.5],
			"to": [4, 0.5, 15],
			"faces": {
				"north": {"uv": [0, 0, 3, 0.5], "texture": "#2"},
				"east": {"uv": [1, 15.5, 11.5, 16], "texture": "#2"},
				"west": {"uv": [1, 15.5, 11.5, 16], "texture": "#2"},
				"up": {"uv": [4, 0.5, 7, 10.5], "texture": "#3"},
				"down": {"uv": [3, 0.5, 6, 15], "texture": "#3"}
			}
		},
		{
			"from": [1, 15, 1],
			"to": [4, 16, 15],
			"faces": {
				"east": {"uv": [1, 0, 15, 1], "texture": "#2"},
				"west": {"uv": [1, 0, 15, 1], "texture": "#2"},
				"up": {"uv": [3, 1, 6, 15.5], "texture": "#3"},
				"down": {"uv": [3, 1, 6, 15.5], "texture": "#3"}
			}
		},
		{
			"from": [0.9999, 7.5, 1],
			"to": [3.9999, 8.5, 15],
			"faces": {
				"east": {"uv": [1, 7.5, 15, 8.5], "texture": "#2"},
				"west": {"uv": [1, 7.5, 15, 8.5], "texture": "#2"},
				"up": {"uv": [3, 1, 6, 15.5], "texture": "#3"},
				"down": {"uv": [3, 1, 6, 15.5], "texture": "#3"}
			}
		},
		{
			"from": [1, 0, 1],
			"to": [4, 0.5, 1.5],
			"faces": {
				"east": {"uv": [0, 0, 0.25, 0.25], "texture": "#2"},
				"south": {"uv": [0, 0, 3, 0.25], "texture": "#3"},
				"west": {"uv": [0, 0, 0.25, 0.25], "texture": "#2"},
				"up": {"uv": [3, 0, 0, 0.25], "rotation": 180, "texture": "#3"},
				"down": {"uv": [3, 15.75, 6, 16], "rotation": 180, "texture": "#3"}
			}
		},
		{
			"from": [1, 0.5, 7.5],
			"to": [4, 15, 8.5],
			"faces": {
				"north": {"uv": [3, 1.5, 6, 16], "texture": "#3"},
				"east": {"uv": [7.5, 1, 8.5, 15.5], "texture": "#2"},
				"south": {"uv": [3, 1.5, 6, 16], "texture": "#3"},
				"west": {"uv": [7.5, 1, 8.5, 15.5], "texture": "#2"}
			}
		},
		{
			"from": [1.5, 1, 2.5],
			"to": [3.5, 1.5, 3.5],
			"faces": {
				"north": {"uv": [13, 14.5, 13.5, 15], "texture": "#3"},
				"east": {"uv": [12.5, 14.5, 13.5, 15], "texture": "#2"},
				"south": {"uv": [12.5, 14.5, 13, 15], "texture": "#3"},
				"west": {"uv": [13.5, 14.5, 12.5, 15], "texture": "#2"},
				"up": {"uv": [12.5, 14.5, 13.5, 15], "rotation": 180, "texture": "#3"},
				"down": {"uv": [12.5, 14.5, 13.5, 15], "rotation": 180, "texture": "#3"}
			}
		},
		{
			"from": [1.5, 0.5, 2],
			"to": [3.5, 1, 2.5],
			"faces": {
				"north": {"uv": [13.5, 15, 14, 15.5], "texture": "#3"},
				"east": {"uv": [13.5, 15, 14, 15.5], "texture": "#2"},
				"south": {"uv": [13.5, 15, 14, 15.5], "texture": "#3"},
				"west": {"uv": [13.5, 15, 14, 15.5], "texture": "#2"},
				"up": {"uv": [13.5, 15, 14, 15.5], "rotation": 180, "texture": "#3"},
				"down": {"uv": [13.5, 15, 14, 15.5], "rotation": 180, "texture": "#3"}
			}
		},
		{
			"from": [1.5, 0.5, 3.5],
			"to": [3.5, 1, 4],
			"faces": {
				"north": {"uv": [12, 15, 12.5, 15.5], "texture": "#3"},
				"east": {"uv": [12, 15, 12.5, 15.5], "texture": "#2"},
				"south": {"uv": [14, 15.5, 14.5, 16], "texture": "#3"},
				"west": {"uv": [12, 15, 12.5, 15.5], "texture": "#2"},
				"up": {"uv": [12, 15, 12.5, 15.5], "rotation": 180, "texture": "#3"},
				"down": {"uv": [12, 15, 12.5, 15.5], "rotation": 180, "texture": "#3"}
			}
		},
		{
			"from": [1.5, 0, 4],
			"to": [3.5, 0.5, 4.5],
			"faces": {
				"north": {"uv": [11.5, 15.5, 12, 16], "texture": "#3"},
				"east": {"uv": [11.5, 15.5, 12, 16], "texture": "#2"},
				"west": {"uv": [11.5, 15.5, 12, 16], "texture": "#2"},
				"up": {"uv": [11.5, 15.5, 12, 16], "rotation": 180, "texture": "#3"},
				"down": {"uv": [11.5, 15.5, 12, 16], "rotation": 180, "texture": "#3"}
			}
		},
		{
			"from": [1.5, 0, 1.5],
			"to": [3.5, 0.5, 2],
			"faces": {
				"east": {"uv": [14, 15.5, 14.5, 16], "texture": "#2"},
				"south": {"uv": [14, 15.5, 14.5, 16], "texture": "#3"},
				"west": {"uv": [14, 15.5, 14.5, 16], "texture": "#2"},
				"up": {"uv": [14, 15.5, 14.5, 16], "rotation": 180, "texture": "#3"},
				"down": {"uv": [14, 15.5, 14.5, 16], "rotation": 180, "texture": "#3"}
			}
		},
		{
			"name": "Bottom",
			"from": [2, 0, 2],
			"to": [3, 0, 4],
			"faces": {
				"down": {"uv": [12, 15.5, 14, 16], "rotation": 270, "texture": "#2"}
			}
		}
	],
	"groups": [
		0,
		{
			"name": "Frame",
			"origin": [8, 8, 8],
			"color": 0,
			"children": [1, 2, 3, 4, 5, 6, 7]
		},
		{
			"name": "Knob",
			"origin": [8, 8, 8],
			"color": 0,
			"children": [8, 9, 10, 11, 12, 13]
		}
	]
}