{
	"credit": "Made with Blockbench",
    "parent": "block/cube_column",
	"textures": {
		"0": "block/bookshelf",
		"1": "block/bookshelf_top",
		"particle": "block/bookshelf"
	},
	"elements": [
		{
			"from": [1, 1, 1],
			"to": [15, 15, 15],
			"faces": {
				"north": {"uv": [1, 1, 15, 15], "texture": "#0"},
				"east": {"uv": [1, 1, 15, 15], "texture": "#0"},
				"south": {"uv": [1, 1, 15, 15], "texture": "#0"},
				"west": {"uv": [1, 1, 15, 15], "texture": "#0"},
				"up": {"uv": [0, 0, 14, 14], "texture": "#missing"},
				"down": {"uv": [0, 0, 14, 14], "texture": "#missing"}
			}
		},
		{
			"from": [0, 1, 0],
			"to": [1.5, 14.5, 1.5],
			"faces": {
				"north": {"uv": [14.5, 1.5, 16, 15], "texture": "#0"},
				"east": {"uv": [14.5, 1.5, 16, 15], "texture": "#0"},
				"south": {"uv": [0, 1.5, 1.5, 15], "texture": "#0"},
				"west": {"uv": [0, 1.5, 1.5, 15], "texture": "#0"},
				"up": {"uv": [0, 0, 1, 2], "texture": "#missing"},
				"down": {"uv": [0, 0, 1, 2], "texture": "#missing"}
			}
		},
		{
			"from": [0, 0, 0],
			"to": [16, 1, 16],
			"faces": {
				"north": {"uv": [0, 15, 16, 16], "texture": "#0"},
				"east": {"uv": [0, 15, 16, 16], "texture": "#0"},
				"south": {"uv": [0, 15, 16, 16], "texture": "#0"},
				"west": {"uv": [0, 15, 16, 16], "texture": "#0"},
				"up": {"uv": [0, 0, 16, 16], "texture": "#0"},
				"down": {"uv": [0, 0, 16, 16], "texture": "#1"}
			}
		},
		{
			"from": [0, 14.5, 0],
			"to": [16, 16, 16],
			"faces": {
				"north": {"uv": [0, 0, 16, 1.5], "texture": "#0"},
				"east": {"uv": [0, 0, 16, 1.5], "texture": "#0"},
				"south": {"uv": [0, 0, 16, 1.5], "texture": "#0"},
				"west": {"uv": [0, 0, 16, 1.5], "texture": "#0"},
				"up": {"uv": [0, 0, 16, 16], "texture": "#1"},
				"down": {"uv": [0, 0, 16, 16], "texture": "#0"}
			}
		},
		{
			"from": [0, 1, 14.5],
			"to": [1.5, 14.5, 16],
			"faces": {
				"north": {"uv": [0, 1.5, 1.5, 14.5], "texture": "#0"},
				"east": {"uv": [0, 1.5, 1.5, 15], "texture": "#0"},
				"south": {"uv": [0, 1.5, 1.5, 15], "texture": "#0"},
				"west": {"uv": [0, 1.5, 1.5, 15], "texture": "#0"},
				"up": {"uv": [0, 0, 1, 2], "texture": "#missing"},
				"down": {"uv": [0, 0, 1, 2], "texture": "#missing"}
			}
		},
		{
			"from": [0, 7, 1.5],
			"to": [1, 8, 14.5],
			"faces": {
				"north": {"uv": [0, 0, 1, 1], "texture": "#missing"},
				"east": {"uv": [0, 0, 13, 1], "texture": "#missing"},
				"south": {"uv": [0, 0, 1, 1], "texture": "#missing"},
				"west": {"uv": [1.5, 8, 14.5, 9], "texture": "#0"},
				"up": {"uv": [14.5, 2.5, 15.5, 14.5], "texture": "#0"},
				"down": {"uv": [0, 2, 1, 15], "texture": "#0"}
			}
		},
		{
			"from": [14.5, 1, 0],
			"to": [16, 14.5, 1.5],
			"faces": {
				"north": {"uv": [14.5, 1.5, 16, 15], "texture": "#0"},
				"east": {"uv": [14.5, 1.5, 16, 15], "texture": "#0"},
				"south": {"uv": [0, 1.5, 1.5, 15], "texture": "#0"},
				"west": {"uv": [0, 1.5, 1.5, 15], "texture": "#0"},
				"up": {"uv": [0, 0, 1, 2], "texture": "#missing"},
				"down": {"uv": [0, 0, 1, 2], "texture": "#missing"}
			}
		},
		{
			"from": [1.5, 7, 0],
			"to": [14.5, 8, 1],
			"faces": {
				"north": {"uv": [1.5, 8, 14.5, 9], "texture": "#0"},
				"east": {"uv": [0, 0, 1, 1], "texture": "#missing"},
				"south": {"uv": [0, 0, 13, 1], "texture": "#missing"},
				"west": {"uv": [0, 0, 1, 1], "texture": "#missing"},
				"up": {"uv": [1.5, 15, 14.5, 16], "texture": "#0"},
				"down": {"uv": [1.5, 15, 14.5, 16], "texture": "#0"}
			}
		},
		{
			"from": [14.5, 1, 14.5],
			"to": [16, 14.5, 16],
			"faces": {
				"north": {"uv": [14.5, 1.5, 16, 15], "texture": "#0"},
				"east": {"uv": [14.5, 1.5, 16, 15], "texture": "#0"},
				"south": {"uv": [0, 1.5, 1.5, 15], "texture": "#0"},
				"west": {"uv": [0, 1.5, 1.5, 15], "texture": "#0"},
				"up": {"uv": [0, 0, 1, 2], "texture": "#missing"},
				"down": {"uv": [0, 0, 1, 2], "texture": "#missing"}
			}
		},
		{
			"from": [15, 7, 1.5],
			"to": [16, 8, 14.5],
			"faces": {
				"north": {"uv": [0, 0, 1, 1], "texture": "#missing"},
				"east": {"uv": [1.5, 8, 14.5, 9], "texture": "#0"},
				"south": {"uv": [0, 0, 1, 1], "texture": "#missing"},
				"west": {"uv": [0, 0, 13, 1], "texture": "#missing"},
				"up": {"uv": [0, 1.5, 1, 14.5], "texture": "#0"},
				"down": {"uv": [0, 1.5, 1, 14.5], "texture": "#0"}
			}
		},
		{
			"from": [1.5, 7, 15],
			"to": [14.5, 8, 16],
			"faces": {
				"north": {"uv": [0, 0, 13, 1], "texture": "#missing"},
				"east": {"uv": [0, 0, 1, 1], "texture": "#missing"},
				"south": {"uv": [1.5, 8, 14.5, 9], "texture": "#0"},
				"west": {"uv": [0, 0, 1, 1], "texture": "#missing"},
				"up": {"uv": [1.5, 15, 14.5, 16], "texture": "#0"},
				"down": {"uv": [1.5, 15, 14.5, 16], "texture": "#0"}
			}
		}
	]
}