{
	"credit": "Made with Blockbench",
	"parent": "minecraft:block/cross",
	"textures": {
		"1": "block/brown_mushroom_extra",
		"particle": "block/brown_mushroom_extra"
	},
	"elements": [
		{
			"from": [9, 0, 11],
			"to": [11, 1, 13],
			"rotation": {"angle": 45, "axis": "y", "origin": [10, 0, 12]},
			"faces": {
				"north": {"uv": [8, 2, 10, 3], "texture": "#1"},
				"east": {"uv": [8, 2, 10, 3], "texture": "#1"},
				"south": {"uv": [8, 2, 10, 3], "texture": "#1"},
				"west": {"uv": [8, 2, 10, 3], "texture": "#1"},
				"up": {"uv": [0, 0, 2, 2], "texture": "#missing"},
				"down": {"uv": [8, 2, 10, 4], "texture": "#1"}
			}
		},
		{
			"from": [6, 0, 11],
			"to": [8, 2, 13],
			"rotation": {"angle": -22.5, "axis": "y", "origin": [0, 0, 0]},
			"faces": {
				"north": {"uv": [8, 1, 10, 3], "texture": "#1"},
				"east": {"uv": [8, 1, 10, 3], "texture": "#1"},
				"south": {"uv": [8, 1, 10, 3], "texture": "#1"},
				"west": {"uv": [8, 1, 10, 3], "texture": "#1"},
				"up": {"uv": [0, 0, 2, 2], "texture": "#missing"},
				"down": {"uv": [8, 2, 10, 4], "texture": "#1"}
			}
		},
		{
			"from": [10, 0, 5],
			"to": [12, 2, 7],
			"faces": {
				"north": {"uv": [8, 1, 10, 3], "texture": "#1"},
				"east": {"uv": [8, 1, 10, 3], "texture": "#1"},
				"south": {"uv": [8, 1, 10, 3], "texture": "#1"},
				"west": {"uv": [8, 1, 10, 3], "texture": "#1"},
				"up": {"uv": [0, 0, 2, 2], "texture": "#missing"},
				"down": {"uv": [8, 2, 10, 4], "texture": "#1"}
			}
		},
		{
			"from": [3, 0, 3],
			"to": [5, 2, 5],
			"faces": {
				"north": {"uv": [8, 1, 10, 3], "texture": "#1"},
				"east": {"uv": [8, 1, 10, 3], "texture": "#1"},
				"south": {"uv": [8, 1, 10, 3], "texture": "#1"},
				"west": {"uv": [8, 1, 10, 3], "texture": "#1"},
				"up": {"uv": [0, 0, 2, 2], "texture": "#missing"},
				"down": {"uv": [8, 2, 10, 4], "texture": "#1"}
			}
		},
		{
			"from": [2, -0.1, 2.5],
			"to": [6, 1.9, 6.5],
			"rotation": {"angle": -22.5, "axis": "x", "origin": [0, 0, 0]},
			"faces": {
				"north": {"uv": [1.5, 2, 5.5, 4], "texture": "#1"},
				"east": {"uv": [1.5, 2, 5.5, 4], "texture": "#1"},
				"south": {"uv": [1.5, 2, 5.5, 4], "texture": "#1"},
				"west": {"uv": [1.5, 2, 5.5, 4], "texture": "#1"},
				"up": {"uv": [2, 1.5, 6, 5.5], "texture": "#1"},
				"down": {"uv": [2, 1.5, 6, 5.5], "texture": "#1"}
			}
		},
		{
			"from": [8, 1, 10],
			"to": [12, 2, 14],
			"rotation": {"angle": 45, "axis": "y", "origin": [10, 0, 12]},
			"faces": {
				"north": {"uv": [0, 0, 4, 1], "texture": "#1"},
				"east": {"uv": [0, 0, 4, 1], "texture": "#1"},
				"south": {"uv": [0, 0, 4, 1], "texture": "#1"},
				"west": {"uv": [0, 0, 4, 1], "texture": "#1"},
				"up": {"uv": [2, 2, 6, 6], "texture": "#1"},
				"down": {"uv": [2, 2, 6, 6], "texture": "#1"}
			}
		},
		{
			"from": [5, 2, 10],
			"to": [9, 3, 14],
			"rotation": {"angle": -22.5, "axis": "y", "origin": [0, 0, 0]},
			"faces": {
				"north": {"uv": [1.5, 2.5, 5.5, 3.5], "texture": "#1"},
				"east": {"uv": [1.5, 0.5, 5.5, 1.5], "texture": "#1"},
				"south": {"uv": [1.5, 2.5, 5.5, 3.5], "texture": "#1"},
				"west": {"uv": [1.5, 2.5, 5.5, 3.5], "texture": "#1"},
				"up": {"uv": [1.5, 1.5, 5.5, 5.5], "texture": "#1"},
				"down": {"uv": [1.5, 1.5, 5.5, 5.5], "texture": "#1"}
			}
		},
		{
			"from": [8, 2, 3],
			"to": [14, 4, 9],
			"faces": {
				"north": {"uv": [1, 2.5, 7, 4.5], "texture": "#1"},
				"east": {"uv": [1, 2.5, 7, 4.5], "texture": "#1"},
				"south": {"uv": [1, 2.5, 7, 4.5], "texture": "#1"},
				"west": {"uv": [0, 0, 6, 2], "texture": "#1"},
				"up": {"uv": [1, 1, 7, 7], "texture": "#1"},
				"down": {"uv": [1, 1, 7, 7], "texture": "#1"}
			}
		}
	]
}