{
	"credit": "Made with Blockbench",
	"parent": "minecraft:block/cross",
	"textures": {
		"1": "block/brown_mushroom_extra",
		"particle": "block/brown_mushroom_extra"
	},
	"elements": [
		{
			"from": [7, 0, 7],
			"to": [9, 7, 9],
			"faces": {
				"north": {"uv": [8, 0, 10, 7], "texture": "#1"},
				"east": {"uv": [8, 0, 10, 7], "texture": "#1"},
				"south": {"uv": [8, 0, 10, 7], "texture": "#1"},
				"west": {"uv": [8, 0, 10, 7], "texture": "#1"},
				"up": {"uv": [0, 0, 2, 2], "texture": "#missing"},
				"down": {"uv": [8, 2.5, 10, 4.5], "texture": "#1"}
			}
		},
		{
			"from": [6, 5, 5],
			"to": [8, 12, 7],
			"rotation": {"angle": 45, "axis": "x", "origin": [0, 0, 0]},
			"faces": {
				"north": {"uv": [8, 0, 10, 7], "texture": "#1"},
				"east": {"uv": [8, 0, 10, 7], "texture": "#1"},
				"south": {"uv": [8, 0, 10, 7], "texture": "#1"},
				"west": {"uv": [8, 0, 10, 7], "texture": "#1"},
				"up": {"uv": [0, 0, 2, 2], "texture": "#missing"},
				"down": {"uv": [8, 2.5, 10, 4.5], "texture": "#1"}
			}
		},
		{
			"from": [4, 8, 7],
			"to": [10, 10, 13],
			"rotation": {"angle": 22.5, "axis": "x", "origin": [0, 0, 0]},
			"faces": {
				"north": {"uv": [0.5, 0, 6.5, 2], "texture": "#1"},
				"east": {"uv": [0.5, 0, 6.5, 2], "texture": "#1"},
				"south": {"uv": [0.5, 0, 6.5, 2], "texture": "#1"},
				"west": {"uv": [0.5, 0, 6.5, 2], "texture": "#1"},
				"up": {"uv": [1, 1, 7, 7], "texture": "#1"},
				"down": {"uv": [1, 1, 7, 7], "texture": "#1"}
			}
		},
		{
			"from": [4, 7, 4],
			"to": [12, 9, 12],
			"faces": {
				"north": {"uv": [0, 0, 8, 2], "texture": "#1"},
				"east": {"uv": [0, 0, 8, 2], "texture": "#1"},
				"south": {"uv": [0, 0, 8, 2], "texture": "#1"},
				"west": {"uv": [0, 0, 8, 2], "texture": "#1"},
				"up": {"uv": [0, 0, 8, 8], "texture": "#1"},
				"down": {"uv": [0, 0, 8, 8], "texture": "#1"}
			}
		}
	]
}