{
	"credit": "Made with Blockbench",
	"ambientocclusion": false,
	"textures": {
		"0": "block/flowers/cornflower",
		"particle": "block/flowers/cornflower"
	},
	"elements": [
		{
			"from": [2.75, 7.65, 6.3],
			"to": [4.25, 9.15, 6.3],
			"rotation": {"angle": 45, "axis": "y", "origin": [3.5, 7.75, 6.25]},
			"faces": {
				"north": {"uv": [14.5, 14.5, 16, 16], "texture": "#0"},
				"east": {"uv": [0, 0, 0, 1.5], "texture": "#missing"},
				"south": {"uv": [14.5, 14.5, 16, 16], "texture": "#0"},
				"west": {"uv": [0, 0, 0, 1.5], "texture": "#missing"},
				"up": {"uv": [0, 0, 1.5, 0], "texture": "#missing"},
				"down": {"uv": [0, 0, 1.5, 0], "texture": "#missing"}
			}
		},
		{
			"from": [3.5, -0.25, 3.25],
			"to": [3.5, 6.75, 7.25],
			"rotation": {"angle": 0, "axis": "y", "origin": [2.5, -2.25, 1.25]},
			"faces": {
				"north": {"uv": [0, 0, 2, 9], "texture": "#missing"},
				"east": {"uv": [9, 9, 5, 16], "texture": "#0"},
				"south": {"uv": [0, 0, 2, 9], "texture": "#missing"},
				"west": {"uv": [5, 9, 9, 16], "texture": "#0"},
				"up": {"uv": [0, 0, 2, 4], "texture": "#missing"},
				"down": {"uv": [0, 0, 2, 4], "texture": "#missing"}
			}
		},
		{
			"from": [3, 6.25, 5.75],
			"to": [4, 7.75, 6.75],
			"rotation": {"angle": 0, "axis": "y", "origin": [2.5, -2.25, 1.25]},
			"faces": {
				"north": {"uv": [0, 14.5, 1, 16], "texture": "#0"},
				"east": {"uv": [0, 14.5, 1, 16], "texture": "#0"},
				"south": {"uv": [0, 14.5, 1, 16], "texture": "#0"},
				"west": {"uv": [0, 14.5, 1.5, 16], "texture": "#0"},
				"down": {"uv": [0, 14.5, 1, 15.5], "texture": "#0"}
			}
		},
		{
			"from": [0.75, 7.75, 3.5],
			"to": [6.25, 7.75, 9],
			"rotation": {"angle": 0, "axis": "y", "origin": [2.5, -2.25, 1.25]},
			"faces": {
				"north": {"uv": [0, 0, 5.5, 0], "texture": "#missing"},
				"east": {"uv": [0, 0, 5.5, 0], "texture": "#missing"},
				"south": {"uv": [0, 0, 5.5, 0], "texture": "#missing"},
				"west": {"uv": [0, 0, 5.5, 0], "texture": "#missing"},
				"up": {"uv": [0, 0, 5.5, 5.5], "texture": "#0"},
				"down": {"uv": [0, 0, 5.5, 5.5], "texture": "#0"}
			}
		},
		{
			"from": [0.75, 7.65, 3.5],
			"to": [6.25, 7.65, 6],
			"rotation": {"angle": 22.5, "axis": "x", "origin": [3.5, 7.75, 6.25]},
			"faces": {
				"north": {"uv": [0, 0, 5.5, 0], "texture": "#missing"},
				"east": {"uv": [0, 0, 2.5, 0], "texture": "#missing"},
				"south": {"uv": [0, 0, 5.5, 0], "texture": "#missing"},
				"west": {"uv": [0, 0, 2.5, 0], "texture": "#missing"},
				"up": {"uv": [6, 0, 11.5, 2.5], "texture": "#0"},
				"down": {"uv": [6, 2.5, 11.5, 0], "texture": "#0"}
			}
		},
		{
			"from": [3.75, 7.9, 3.5],
			"to": [6.25, 7.9, 9],
			"rotation": {"angle": -22.5, "axis": "z", "origin": [3.5, 8, 6.25]},
			"faces": {
				"north": {"uv": [0, 0, 2.5, 0], "texture": "#missing"},
				"east": {"uv": [0, 0, 5.5, 0], "texture": "#missing"},
				"south": {"uv": [0, 0, 2.5, 0], "texture": "#missing"},
				"west": {"uv": [0, 0, 5.5, 0], "texture": "#missing"},
				"up": {"uv": [6, 0, 11.5, 2.5], "rotation": 90, "texture": "#0"},
				"down": {"uv": [6, 2.5, 11.5, 0], "rotation": 270, "texture": "#0"}
			}
		},
		{
			"from": [0.75, 7.9, 6.5],
			"to": [6.25, 7.9, 9],
			"rotation": {"angle": 22.5, "axis": "x", "origin": [3.5, 8, 6.25]},
			"faces": {
				"north": {"uv": [0, 0, 5.5, 0], "texture": "#missing"},
				"east": {"uv": [0, 0, 2.5, 0], "texture": "#missing"},
				"south": {"uv": [0, 0, 5.5, 0], "texture": "#missing"},
				"west": {"uv": [0, 0, 2.5, 0], "texture": "#missing"},
				"up": {"uv": [6, 0, 11.5, 2.5], "rotation": 180, "texture": "#0"},
				"down": {"uv": [6, 2.5, 11.5, 0], "rotation": 180, "texture": "#0"}
			}
		},
		{
			"from": [0.75, 7.9, 3.5],
			"to": [3.25, 7.9, 9],
			"rotation": {"angle": 22.5, "axis": "z", "origin": [3.5, 8, 6.25]},
			"faces": {
				"north": {"uv": [0, 0, 2.5, 0], "texture": "#missing"},
				"east": {"uv": [0, 0, 5.5, 0], "texture": "#missing"},
				"south": {"uv": [0, 0, 2.5, 0], "texture": "#missing"},
				"west": {"uv": [0, 0, 5.5, 0], "texture": "#missing"},
				"up": {"uv": [6, 0, 11.5, 2.5], "rotation": 270, "texture": "#0"},
				"down": {"uv": [6, 2.5, 11.5, 0], "rotation": 90, "texture": "#0"}
			}
		},
		{
			"from": [0.75, 7.9, 3.5],
			"to": [6.25, 7.9, 6],
			"rotation": {"angle": -22.5, "axis": "x", "origin": [3.5, 8, 6.25]},
			"faces": {
				"north": {"uv": [0, 0, 5.5, 0], "texture": "#missing"},
				"east": {"uv": [0, 0, 2.5, 0], "texture": "#missing"},
				"south": {"uv": [0, 0, 5.5, 0], "texture": "#missing"},
				"west": {"uv": [0, 0, 2.5, 0], "texture": "#missing"},
				"up": {"uv": [6, 0, 11.5, 2.5], "texture": "#0"},
				"down": {"uv": [6, 2.5, 11.5, 0], "texture": "#0"}
			}
		},
		{
			"from": [0.75, 7.65, 3.5],
			"to": [3.25, 7.65, 9],
			"rotation": {"angle": -22.5, "axis": "z", "origin": [3.5, 7.75, 6.25]},
			"faces": {
				"north": {"uv": [0, 0, 2.5, 0], "texture": "#missing"},
				"east": {"uv": [0, 0, 5.5, 0], "texture": "#missing"},
				"south": {"uv": [0, 0, 2.5, 0], "texture": "#missing"},
				"west": {"uv": [0, 0, 5.5, 0], "texture": "#missing"},
				"up": {"uv": [6, 0, 11.5, 2.5], "rotation": 270, "texture": "#0"},
				"down": {"uv": [6, 2.5, 11.5, 0], "rotation": 90, "texture": "#0"}
			}
		},
		{
			"from": [0.75, 7.65, 6.5],
			"to": [6.25, 7.65, 9],
			"rotation": {"angle": -22.5, "axis": "x", "origin": [3.5, 7.75, 6.25]},
			"faces": {
				"north": {"uv": [0, 0, 5.5, 0], "texture": "#missing"},
				"east": {"uv": [0, 0, 2.5, 0], "texture": "#missing"},
				"south": {"uv": [0, 0, 5.5, 0], "texture": "#missing"},
				"west": {"uv": [0, 0, 2.5, 0], "texture": "#missing"},
				"up": {"uv": [6, 0, 11.5, 2.5], "rotation": 180, "texture": "#0"},
				"down": {"uv": [6, 2.5, 11.5, 0], "rotation": 180, "texture": "#0"}
			}
		},
		{
			"from": [3.75, 7.65, 3.5],
			"to": [6.25, 7.65, 9],
			"rotation": {"angle": 22.5, "axis": "z", "origin": [3.5, 7.75, 6.25]},
			"faces": {
				"north": {"uv": [0, 0, 2.5, 0], "texture": "#missing"},
				"east": {"uv": [0, 0, 5.5, 0], "texture": "#missing"},
				"south": {"uv": [0, 0, 2.5, 0], "texture": "#missing"},
				"west": {"uv": [0, 0, 5.5, 0], "texture": "#missing"},
				"up": {"uv": [6, 0, 11.5, 2.5], "rotation": 90, "texture": "#0"},
				"down": {"uv": [6, 2.5, 11.5, 0], "rotation": 270, "texture": "#0"}
			}
		},
		{
			"from": [2.75, 7.65, 6.3],
			"to": [4.25, 9.15, 6.3],
			"rotation": {"angle": -45, "axis": "y", "origin": [3.5, 7.75, 6.25]},
			"faces": {
				"north": {"uv": [14.5, 14.5, 16, 16], "texture": "#0"},
				"east": {"uv": [0, 0, 0, 1.5], "texture": "#missing"},
				"south": {"uv": [14.5, 14.5, 16, 16], "texture": "#0"},
				"west": {"uv": [0, 0, 0, 1.5], "texture": "#missing"},
				"up": {"uv": [0, 0, 1.5, 0], "texture": "#missing"},
				"down": {"uv": [0, 0, 1.5, 0], "texture": "#missing"}
			}
		},
		{
			"from": [9.25, 9.9, 7.05],
			"to": [10.75, 11.4, 7.05],
			"rotation": {"angle": 45, "axis": "y", "origin": [10, 10, 7]},
			"faces": {
				"north": {"uv": [14.5, 14.5, 16, 16], "texture": "#0"},
				"east": {"uv": [0, 0, 0, 1.5], "texture": "#missing"},
				"south": {"uv": [14.5, 14.5, 16, 16], "texture": "#0"},
				"west": {"uv": [0, 0, 0, 1.5], "texture": "#missing"},
				"up": {"uv": [0, 0, 1.5, 0], "texture": "#missing"},
				"down": {"uv": [0, 0, 1.5, 0], "texture": "#missing"}
			}
		},
		{
			"from": [7, 0, 7],
			"to": [11, 9, 7],
			"rotation": {"angle": 22.5, "axis": "y", "origin": [9, 0, 2]},
			"faces": {
				"north": {"uv": [5, 7, 9, 16], "texture": "#0"},
				"east": {"uv": [0, 0, 2, 9], "texture": "#missing"},
				"south": {"uv": [9, 7, 5, 16], "texture": "#0"},
				"west": {"uv": [0, 0, 2, 9], "texture": "#missing"},
				"up": {"uv": [0, 0, 2, 4], "rotation": 90, "texture": "#missing"},
				"down": {"uv": [0, 0, 2, 4], "rotation": 270, "texture": "#missing"}
			}
		},
		{
			"from": [9.5, 8.5, 6.5],
			"to": [10.5, 10, 7.5],
			"rotation": {"angle": 0, "axis": "y", "origin": [9, 0, 2]},
			"faces": {
				"north": {"uv": [0, 14.5, 1, 16], "texture": "#0"},
				"east": {"uv": [0, 14.5, 1, 16], "texture": "#0"},
				"south": {"uv": [0, 14.5, 1, 16], "texture": "#0"},
				"west": {"uv": [0, 14.5, 1.5, 16], "texture": "#0"},
				"down": {"uv": [0, 14.5, 1, 15.5], "texture": "#0"}
			}
		},
		{
			"from": [7.25, 10, 4.25],
			"to": [12.75, 10, 9.75],
			"rotation": {"angle": 0, "axis": "y", "origin": [9, 0, 2]},
			"faces": {
				"north": {"uv": [0, 0, 5.5, 0], "texture": "#missing"},
				"east": {"uv": [0, 0, 5.5, 0], "texture": "#missing"},
				"south": {"uv": [0, 0, 5.5, 0], "texture": "#missing"},
				"west": {"uv": [0, 0, 5.5, 0], "texture": "#missing"},
				"up": {"uv": [0, 0, 5.5, 5.5], "texture": "#0"},
				"down": {"uv": [0, 0, 5.5, 5.5], "texture": "#0"}
			}
		},
		{
			"from": [7.25, 9.9, 4.25],
			"to": [12.75, 9.9, 6.75],
			"rotation": {"angle": 22.5, "axis": "x", "origin": [10, 10, 7]},
			"faces": {
				"north": {"uv": [0, 0, 5.5, 0], "texture": "#missing"},
				"east": {"uv": [0, 0, 2.5, 0], "texture": "#missing"},
				"south": {"uv": [0, 0, 5.5, 0], "texture": "#missing"},
				"west": {"uv": [0, 0, 2.5, 0], "texture": "#missing"},
				"up": {"uv": [6, 0, 11.5, 2.5], "texture": "#0"},
				"down": {"uv": [6, 2.5, 11.5, 0], "texture": "#0"}
			}
		},
		{
			"from": [10.25, 10.15, 4.25],
			"to": [12.75, 10.15, 9.75],
			"rotation": {"angle": -22.5, "axis": "z", "origin": [10, 10.25, 7]},
			"faces": {
				"north": {"uv": [0, 0, 2.5, 0], "texture": "#missing"},
				"east": {"uv": [0, 0, 5.5, 0], "texture": "#missing"},
				"south": {"uv": [0, 0, 2.5, 0], "texture": "#missing"},
				"west": {"uv": [0, 0, 5.5, 0], "texture": "#missing"},
				"up": {"uv": [6, 0, 11.5, 2.5], "rotation": 90, "texture": "#0"},
				"down": {"uv": [6, 2.5, 11.5, 0], "rotation": 270, "texture": "#0"}
			}
		},
		{
			"from": [7.25, 10.15, 7.25],
			"to": [12.75, 10.15, 9.75],
			"rotation": {"angle": 22.5, "axis": "x", "origin": [10, 10.25, 7]},
			"faces": {
				"north": {"uv": [0, 0, 5.5, 0], "texture": "#missing"},
				"east": {"uv": [0, 0, 2.5, 0], "texture": "#missing"},
				"south": {"uv": [0, 0, 5.5, 0], "texture": "#missing"},
				"west": {"uv": [0, 0, 2.5, 0], "texture": "#missing"},
				"up": {"uv": [6, 0, 11.5, 2.5], "rotation": 180, "texture": "#0"},
				"down": {"uv": [6, 2.5, 11.5, 0], "rotation": 180, "texture": "#0"}
			}
		},
		{
			"from": [7.25, 10.15, 4.25],
			"to": [9.75, 10.15, 9.75],
			"rotation": {"angle": 22.5, "axis": "z", "origin": [10, 10.25, 7]},
			"faces": {
				"north": {"uv": [0, 0, 2.5, 0], "texture": "#missing"},
				"east": {"uv": [0, 0, 5.5, 0], "texture": "#missing"},
				"south": {"uv": [0, 0, 2.5, 0], "texture": "#missing"},
				"west": {"uv": [0, 0, 5.5, 0], "texture": "#missing"},
				"up": {"uv": [6, 0, 11.5, 2.5], "rotation": 270, "texture": "#0"},
				"down": {"uv": [6, 2.5, 11.5, 0], "rotation": 90, "texture": "#0"}
			}
		},
		{
			"from": [7.25, 10.15, 4.25],
			"to": [12.75, 10.15, 6.75],
			"rotation": {"angle": -22.5, "axis": "x", "origin": [10, 10.25, 7]},
			"faces": {
				"north": {"uv": [0, 0, 5.5, 0], "texture": "#missing"},
				"east": {"uv": [0, 0, 2.5, 0], "texture": "#missing"},
				"south": {"uv": [0, 0, 5.5, 0], "texture": "#missing"},
				"west": {"uv": [0, 0, 2.5, 0], "texture": "#missing"},
				"up": {"uv": [6, 0, 11.5, 2.5], "texture": "#0"},
				"down": {"uv": [6, 2.5, 11.5, 0], "texture": "#0"}
			}
		},
		{
			"from": [7.25, 9.9, 4.25],
			"to": [9.75, 9.9, 9.75],
			"rotation": {"angle": -22.5, "axis": "z", "origin": [10, 10, 7]},
			"faces": {
				"north": {"uv": [0, 0, 2.5, 0], "texture": "#missing"},
				"east": {"uv": [0, 0, 5.5, 0], "texture": "#missing"},
				"south": {"uv": [0, 0, 2.5, 0], "texture": "#missing"},
				"west": {"uv": [0, 0, 5.5, 0], "texture": "#missing"},
				"up": {"uv": [6, 0, 11.5, 2.5], "rotation": 270, "texture": "#0"},
				"down": {"uv": [6, 2.5, 11.5, 0], "rotation": 90, "texture": "#0"}
			}
		},
		{
			"from": [7.25, 9.9, 7.25],
			"to": [12.75, 9.9, 9.75],
			"rotation": {"angle": -22.5, "axis": "x", "origin": [10, 10, 7]},
			"faces": {
				"north": {"uv": [0, 0, 5.5, 0], "texture": "#missing"},
				"east": {"uv": [0, 0, 2.5, 0], "texture": "#missing"},
				"south": {"uv": [0, 0, 5.5, 0], "texture": "#missing"},
				"west": {"uv": [0, 0, 2.5, 0], "texture": "#missing"},
				"up": {"uv": [6, 0, 11.5, 2.5], "rotation": 180, "texture": "#0"},
				"down": {"uv": [6, 2.5, 11.5, 0], "rotation": 180, "texture": "#0"}
			}
		},
		{
			"from": [10.25, 9.9, 4.25],
			"to": [12.75, 9.9, 9.75],
			"rotation": {"angle": 22.5, "axis": "z", "origin": [10, 10, 7]},
			"faces": {
				"north": {"uv": [0, 0, 2.5, 0], "texture": "#missing"},
				"east": {"uv": [0, 0, 5.5, 0], "texture": "#missing"},
				"south": {"uv": [0, 0, 2.5, 0], "texture": "#missing"},
				"west": {"uv": [0, 0, 5.5, 0], "texture": "#missing"},
				"up": {"uv": [6, 0, 11.5, 2.5], "rotation": 90, "texture": "#0"},
				"down": {"uv": [6, 2.5, 11.5, 0], "rotation": 270, "texture": "#0"}
			}
		},
		{
			"from": [9.25, 9.9, 7.05],
			"to": [10.75, 11.4, 7.05],
			"rotation": {"angle": -45, "axis": "y", "origin": [10, 10, 7]},
			"faces": {
				"north": {"uv": [14.5, 14.5, 16, 16], "texture": "#0"},
				"east": {"uv": [0, 0, 0, 1.5], "texture": "#missing"},
				"south": {"uv": [14.5, 14.5, 16, 16], "texture": "#0"},
				"west": {"uv": [0, 0, 0, 1.5], "texture": "#missing"},
				"up": {"uv": [0, 0, 1.5, 0], "texture": "#missing"},
				"down": {"uv": [0, 0, 1.5, 0], "texture": "#missing"}
			}
		},
		{
			"from": [6.25, 8.4, 12.05],
			"to": [7.75, 9.9, 12.05],
			"rotation": {"angle": 45, "axis": "y", "origin": [7, 8.5, 12]},
			"faces": {
				"north": {"uv": [14.5, 14.5, 16, 16], "texture": "#0"},
				"east": {"uv": [0, 0, 0, 1.5], "texture": "#missing"},
				"south": {"uv": [14.5, 14.5, 16, 16], "texture": "#0"},
				"west": {"uv": [0, 0, 0, 1.5], "texture": "#missing"},
				"up": {"uv": [0, 0, 1.5, 0], "texture": "#missing"},
				"down": {"uv": [0, 0, 1.5, 0], "texture": "#missing"}
			}
		},
		{
			"from": [8.75, -0.5, 8],
			"to": [8.75, 7.5, 12],
			"rotation": {"angle": -22.5, "axis": "y", "origin": [6, -1.5, 7]},
			"faces": {
				"north": {"uv": [0, 0, 2, 9], "texture": "#missing"},
				"east": {"uv": [9, 8, 5, 16], "texture": "#0"},
				"south": {"uv": [0, 0, 2, 9], "texture": "#missing"},
				"west": {"uv": [5, 8, 9, 16], "texture": "#0"},
				"up": {"uv": [0, 0, 2, 4], "texture": "#missing"},
				"down": {"uv": [0, 0, 2, 4], "texture": "#missing"}
			}
		},
		{
			"from": [6.5, 7, 11.5],
			"to": [7.5, 8.5, 12.5],
			"rotation": {"angle": 0, "axis": "x", "origin": [6, -1.5, 7]},
			"faces": {
				"north": {"uv": [0, 14.5, 1, 16], "texture": "#0"},
				"east": {"uv": [0, 14.5, 1, 16], "texture": "#0"},
				"south": {"uv": [0, 14.5, 1, 16], "texture": "#0"},
				"west": {"uv": [0, 14.5, 1.5, 16], "texture": "#0"},
				"down": {"uv": [0, 14.5, 1, 15.5], "texture": "#0"}
			}
		},
		{
			"from": [4.25, 8.5, 9.25],
			"to": [9.75, 8.5, 14.75],
			"rotation": {"angle": 0, "axis": "x", "origin": [6, -1.5, 7]},
			"faces": {
				"north": {"uv": [0, 0, 5.5, 0], "texture": "#missing"},
				"east": {"uv": [0, 0, 5.5, 0], "texture": "#missing"},
				"south": {"uv": [0, 0, 5.5, 0], "texture": "#missing"},
				"west": {"uv": [0, 0, 5.5, 0], "texture": "#missing"},
				"up": {"uv": [0, 0, 5.5, 5.5], "texture": "#0"},
				"down": {"uv": [0, 0, 5.5, 5.5], "texture": "#0"}
			}
		},
		{
			"from": [4.25, 8.4, 9.25],
			"to": [9.75, 8.4, 11.75],
			"rotation": {"angle": 22.5, "axis": "x", "origin": [7, 8.5, 12]},
			"faces": {
				"north": {"uv": [0, 0, 5.5, 0], "texture": "#missing"},
				"east": {"uv": [0, 0, 2.5, 0], "texture": "#missing"},
				"south": {"uv": [0, 0, 5.5, 0], "texture": "#missing"},
				"west": {"uv": [0, 0, 2.5, 0], "texture": "#missing"},
				"up": {"uv": [6, 0, 11.5, 2.5], "texture": "#0"},
				"down": {"uv": [6, 2.5, 11.5, 0], "texture": "#0"}
			}
		},
		{
			"from": [7.25, 8.65, 9.25],
			"to": [9.75, 8.65, 14.75],
			"rotation": {"angle": -22.5, "axis": "z", "origin": [7, 8.75, 12]},
			"faces": {
				"north": {"uv": [0, 0, 2.5, 0], "texture": "#missing"},
				"east": {"uv": [0, 0, 5.5, 0], "texture": "#missing"},
				"south": {"uv": [0, 0, 2.5, 0], "texture": "#missing"},
				"west": {"uv": [0, 0, 5.5, 0], "texture": "#missing"},
				"up": {"uv": [6, 0, 11.5, 2.5], "rotation": 90, "texture": "#0"},
				"down": {"uv": [6, 2.5, 11.5, 0], "rotation": 270, "texture": "#0"}
			}
		},
		{
			"from": [4.25, 8.65, 12.25],
			"to": [9.75, 8.65, 14.75],
			"rotation": {"angle": 22.5, "axis": "x", "origin": [7, 8.75, 12]},
			"faces": {
				"north": {"uv": [0, 0, 5.5, 0], "texture": "#missing"},
				"east": {"uv": [0, 0, 2.5, 0], "texture": "#missing"},
				"south": {"uv": [0, 0, 5.5, 0], "texture": "#missing"},
				"west": {"uv": [0, 0, 2.5, 0], "texture": "#missing"},
				"up": {"uv": [6, 0, 11.5, 2.5], "rotation": 180, "texture": "#0"},
				"down": {"uv": [6, 2.5, 11.5, 0], "rotation": 180, "texture": "#0"}
			}
		},
		{
			"from": [4.25, 8.65, 9.25],
			"to": [6.75, 8.65, 14.75],
			"rotation": {"angle": 22.5, "axis": "z", "origin": [7, 8.75, 12]},
			"faces": {
				"north": {"uv": [0, 0, 2.5, 0], "texture": "#missing"},
				"east": {"uv": [0, 0, 5.5, 0], "texture": "#missing"},
				"south": {"uv": [0, 0, 2.5, 0], "texture": "#missing"},
				"west": {"uv": [0, 0, 5.5, 0], "texture": "#missing"},
				"up": {"uv": [6, 0, 11.5, 2.5], "rotation": 270, "texture": "#0"},
				"down": {"uv": [6, 2.5, 11.5, 0], "rotation": 90, "texture": "#0"}
			}
		},
		{
			"from": [4.25, 8.65, 9.25],
			"to": [9.75, 8.65, 11.75],
			"rotation": {"angle": -22.5, "axis": "x", "origin": [7, 8.75, 12]},
			"faces": {
				"north": {"uv": [0, 0, 5.5, 0], "texture": "#missing"},
				"east": {"uv": [0, 0, 2.5, 0], "texture": "#missing"},
				"south": {"uv": [0, 0, 5.5, 0], "texture": "#missing"},
				"west": {"uv": [0, 0, 2.5, 0], "texture": "#missing"},
				"up": {"uv": [6, 0, 11.5, 2.5], "texture": "#0"},
				"down": {"uv": [6, 2.5, 11.5, 0], "texture": "#0"}
			}
		},
		{
			"from": [4.25, 8.4, 9.25],
			"to": [6.75, 8.4, 14.75],
			"rotation": {"angle": -22.5, "axis": "z", "origin": [7, 8.5, 12]},
			"faces": {
				"north": {"uv": [0, 0, 2.5, 0], "texture": "#missing"},
				"east": {"uv": [0, 0, 5.5, 0], "texture": "#missing"},
				"south": {"uv": [0, 0, 2.5, 0], "texture": "#missing"},
				"west": {"uv": [0, 0, 5.5, 0], "texture": "#missing"},
				"up": {"uv": [6, 0, 11.5, 2.5], "rotation": 270, "texture": "#0"},
				"down": {"uv": [6, 2.5, 11.5, 0], "rotation": 90, "texture": "#0"}
			}
		},
		{
			"from": [4.25, 8.4, 12.25],
			"to": [9.75, 8.4, 14.75],
			"rotation": {"angle": -22.5, "axis": "x", "origin": [7, 8.5, 12]},
			"faces": {
				"north": {"uv": [0, 0, 5.5, 0], "texture": "#missing"},
				"east": {"uv": [0, 0, 2.5, 0], "texture": "#missing"},
				"south": {"uv": [0, 0, 5.5, 0], "texture": "#missing"},
				"west": {"uv": [0, 0, 2.5, 0], "texture": "#missing"},
				"up": {"uv": [6, 0, 11.5, 2.5], "rotation": 180, "texture": "#0"},
				"down": {"uv": [6, 2.5, 11.5, 0], "rotation": 180, "texture": "#0"}
			}
		},
		{
			"from": [7.25, 8.4, 9.25],
			"to": [9.75, 8.4, 14.75],
			"rotation": {"angle": 22.5, "axis": "z", "origin": [7, 8.5, 12]},
			"faces": {
				"north": {"uv": [0, 0, 2.5, 0], "texture": "#missing"},
				"east": {"uv": [0, 0, 5.5, 0], "texture": "#missing"},
				"south": {"uv": [0, 0, 2.5, 0], "texture": "#missing"},
				"west": {"uv": [0, 0, 5.5, 0], "texture": "#missing"},
				"up": {"uv": [6, 0, 11.5, 2.5], "rotation": 90, "texture": "#0"},
				"down": {"uv": [6, 2.5, 11.5, 0], "rotation": 270, "texture": "#0"}
			}
		},
		{
			"from": [6.25, 8.4, 12.05],
			"to": [7.75, 9.9, 12.05],
			"rotation": {"angle": -45, "axis": "y", "origin": [7, 8.5, 12]},
			"faces": {
				"north": {"uv": [14.5, 14.5, 16, 16], "texture": "#0"},
				"east": {"uv": [0, 0, 0, 1.5], "texture": "#missing"},
				"south": {"uv": [14.5, 14.5, 16, 16], "texture": "#0"},
				"west": {"uv": [0, 0, 0, 1.5], "texture": "#missing"},
				"up": {"uv": [0, 0, 1.5, 0], "texture": "#missing"},
				"down": {"uv": [0, 0, 1.5, 0], "texture": "#missing"}
			}
		}
	],
	"display": {
		"thirdperson_righthand": {
			"translation": [0, 1.5, 0.5],
			"scale": [0.5, 0.5, 0.5]
		},
		"thirdperson_lefthand": {
			"translation": [0, 1.5, 0.5],
			"scale": [0.5, 0.5, 0.5]
		},
		"firstperson_righthand": {
			"translation": [0, 2.75, 2.5],
			"scale": [0.75, 0.75, 0.75]
		},
		"firstperson_lefthand": {
			"rotation": [0, -39, 0],
			"translation": [0, 2.75, 2.25],
			"scale": [0.75, 0.75, 0.75]
		},
		"gui": {
			"rotation": [27, 48, 0]
		},
		"head": {
			"translation": [0, 14.5, 0]
		},
		"fixed": {
			"translation": [0, 0, 0.25]
		}
	},
	"groups": [
		{
			"name": "flower",
			"origin": [1, 10, 5],
			"color": 0,
			"children": [0, 1, 2, 3, 4, 5, 6, 7, 8, 9, 10, 11, 12]
		},
		{
			"name": "flower",
			"origin": [1, 10, 5],
			"color": 0,
			"children": [13, 14, 15, 16, 17, 18, 19, 20, 21, 22, 23, 24, 25]
		},
		{
			"name": "flower",
			"origin": [1, 10, 5],
			"color": 0,
			"children": [26, 27, 28, 29, 30, 31, 32, 33, 34, 35, 36, 37, 38]
		}
	]
}