{
	"credit": "Made with Blockbench",
	"ambientocclusion": false,
	"textures": {
		"0": "block/flowers/dandelion",
		"particle": "block/flowers/dandelion"
	},
	"elements": [
		{
			"name": "stem",
			"from": [3, 0, 10.5],
			"to": [10, 7, 10.5],
			"rotation": {"angle": 0, "axis": "y", "origin": [3, 0, 1.5]},
			"faces": {
				"north": {"uv": [8, 9, 15, 16], "texture": "#0"},
				"east": {"uv": [0, 0, 0, 7], "texture": "#missing"},
				"south": {"uv": [15, 9, 8, 16], "texture": "#0"},
				"west": {"uv": [0, 0, 0, 7], "texture": "#missing"},
				"up": {"uv": [0, 0, 7, 0], "texture": "#missing"},
				"down": {"uv": [0, 0, 7, 0], "texture": "#missing"}
			}
		},
		{
			"name": "stem",
			"from": [12, 0, 1.5],
			"to": [19, 7, 1.5],
			"rotation": {"angle": -45, "axis": "y", "origin": [3, 0, 1.5]},
			"faces": {
				"north": {"uv": [8, 9, 15, 16], "texture": "#0"},
				"east": {"uv": [0, 0, 0, 7], "texture": "#missing"},
				"south": {"uv": [15, 9, 8, 16], "texture": "#0"},
				"west": {"uv": [0, 0, 0, 7], "texture": "#missing"},
				"up": {"uv": [0, 0, 7, 0], "texture": "#missing"},
				"down": {"uv": [0, 0, 7, 0], "texture": "#missing"}
			}
		},
		{
			"name": "stem",
			"from": [4, 0, 8.5],
			"to": [11, 7, 8.5],
			"rotation": {"angle": 22.5, "axis": "y", "origin": [3, 0, 1.5]},
			"faces": {
				"north": {"uv": [0, 9, 7, 16], "texture": "#0"},
				"east": {"uv": [0, 0, 0, 7], "texture": "#missing"},
				"south": {"uv": [7, 9, 0, 16], "texture": "#0"},
				"west": {"uv": [0, 0, 0, 7], "texture": "#missing"},
				"up": {"uv": [0, 0, 7, 0], "texture": "#missing"},
				"down": {"uv": [0, 0, 7, 0], "texture": "#missing"}
			}
		},
		{
			"name": "stem",
			"from": [4, -1, 2.25],
			"to": [4, 6, 9.25],
			"rotation": {"angle": 22.5, "axis": "y", "origin": [3, 0, 1.5]},
			"faces": {
				"north": {"uv": [0, 0, 0, 7], "texture": "#missing"},
				"east": {"uv": [7, 9, 0, 16], "texture": "#0"},
				"south": {"uv": [0, 0, 0, 7], "texture": "#missing"},
				"west": {"uv": [0, 9, 7, 16], "texture": "#0"},
				"up": {"uv": [0, 0, 7, 0], "rotation": 270, "texture": "#missing"},
				"down": {"uv": [0, 0, 7, 0], "rotation": 90, "texture": "#missing"}
			}
		},
		{
			"name": "stem",
			"from": [0.75, 0, 7.5],
			"to": [7.75, 7, 7.5],
			"rotation": {"angle": -22.5, "axis": "y", "origin": [3, 0, 1.5]},
			"faces": {
				"north": {"uv": [7, 9, 0, 16], "texture": "#0"},
				"east": {"uv": [0, 0, 0, 7], "texture": "#missing"},
				"south": {"uv": [0, 9, 7, 16], "texture": "#0"},
				"west": {"uv": [0, 0, 0, 7], "texture": "#missing"},
				"up": {"uv": [0, 0, 7, 0], "rotation": 180, "texture": "#missing"},
				"down": {"uv": [0, 0, 7, 0], "rotation": 180, "texture": "#missing"}
			}
		},
		{
			"from": [6, 8.6, 3.3],
			"to": [11, 8.6, 8.3],
			"rotation": {"angle": -22.5, "axis": "z", "origin": [0, 0, 0]},
			"faces": {
				"north": {"uv": [0, 0, 5, 0], "texture": "#missing"},
				"east": {"uv": [0, 0, 5, 0], "texture": "#missing"},
				"south": {"uv": [0, 0, 5, 0], "texture": "#missing"},
				"west": {"uv": [0, 0, 5, 0], "texture": "#missing"},
				"up": {"uv": [11, 0, 16, 5], "texture": "#0"},
				"down": {"uv": [11, 0, 16, 5], "texture": "#0"}
			}
		},
		{
			"from": [2.1, 2, 2.2],
			"to": [7.1, 2, 7.2],
			"rotation": {"angle": -22.5, "axis": "x", "origin": [0, 0, 0]},
			"faces": {
				"north": {"uv": [0, 0, 5, 0], "texture": "#missing"},
				"east": {"uv": [0, 0, 5, 0], "texture": "#missing"},
				"south": {"uv": [0, 0, 5, 0], "texture": "#missing"},
				"west": {"uv": [0, 0, 5, 0], "texture": "#missing"},
				"up": {"uv": [11, 0, 16, 5], "texture": "#0"},
				"down": {"uv": [11, 0, 16, 5], "texture": "#0"}
			}
		},
		{
			"from": [4.6, 2.45, 9.25],
			"to": [7.1, 2.45, 11.75],
			"rotation": {"angle": 22.5, "axis": "z", "origin": [0, 0, 0]},
			"faces": {
				"north": {"uv": [0, 0, 2.5, 0], "texture": "#missing"},
				"east": {"uv": [0, 0, 2.5, 0], "texture": "#missing"},
				"south": {"uv": [0, 0, 2.5, 0], "texture": "#missing"},
				"west": {"uv": [0, 0, 2.5, 0], "texture": "#missing"},
				"up": {"uv": [0.5, 0.5, 3, 3], "texture": "#0"},
				"down": {"uv": [0.5, 0.5, 3, 3], "texture": "#0"}
			}
		},
		{
			"from": [5.4, 7.65, 9.25],
			"to": [7.9, 7.65, 11.75],
			"rotation": {"angle": -22.5, "axis": "z", "origin": [0, 0, 0]},
			"faces": {
				"north": {"uv": [0, 0, 2.5, 0], "texture": "#missing"},
				"east": {"uv": [0, 0, 2.5, 0], "texture": "#missing"},
				"south": {"uv": [0, 0, 2.5, 0], "texture": "#missing"},
				"west": {"uv": [0, 0, 2.5, 0], "texture": "#missing"},
				"up": {"uv": [0.5, 0.5, 3, 3], "texture": "#0"},
				"down": {"uv": [0.5, 0.5, 3, 3], "texture": "#0"}
			}
		},
		{
			"from": [11.85, 8.75, 8.2],
			"to": [14.35, 8.75, 10.7],
			"rotation": {"angle": 22.5, "axis": "x", "origin": [0, 0, 0]},
			"faces": {
				"north": {"uv": [0, 0, 2.5, 0], "texture": "#missing"},
				"east": {"uv": [0, 0, 2.5, 0], "texture": "#missing"},
				"south": {"uv": [0, 0, 2.5, 0], "texture": "#missing"},
				"west": {"uv": [0, 0, 2.5, 0], "texture": "#missing"},
				"up": {"uv": [0.5, 0.5, 3, 3], "texture": "#0"},
				"down": {"uv": [0.5, 0.5, 3, 3], "texture": "#0"}
			}
		},
		{
			"from": [9.6, 4.55, 8],
			"to": [12.1, 4.55, 10.5],
			"faces": {
				"north": {"uv": [0, 0, 2.5, 0], "texture": "#missing"},
				"east": {"uv": [0, 0, 2.5, 0], "texture": "#missing"},
				"south": {"uv": [0, 0, 2.5, 0], "texture": "#missing"},
				"west": {"uv": [0, 0, 2.5, 0], "texture": "#missing"},
				"up": {"uv": [4.5, 0.5, 7, 3], "texture": "#0"},
				"down": {"uv": [4.5, 0.5, 7, 3], "texture": "#0"}
			}
		},
		{
			"from": [0.6, 4.05, 5.6],
			"to": [3.1, 4.05, 8.1],
			"rotation": {"angle": 22.5, "axis": "z", "origin": [0, 0, 0]},
			"faces": {
				"north": {"uv": [0, 0, 2.5, 0], "texture": "#missing"},
				"east": {"uv": [0, 0, 2.5, 0], "texture": "#missing"},
				"south": {"uv": [0, 0, 2.5, 0], "texture": "#missing"},
				"west": {"uv": [0, 0, 2.5, 0], "texture": "#missing"},
				"up": {"uv": [4.5, 0.5, 7, 3], "texture": "#0"},
				"down": {"uv": [4.5, 0.5, 7, 3], "texture": "#0"}
			}
		}
	]
}