{
	"credit": "Made with Blockbench",
	"parent": "block/block",
	"ambientocclusion": false,
	"textures": {
		"1": "block/end_rod_3d",
		"particle": "block/end_rod",
		"end_rod": "block/end_rod"
	},
	"elements": [
		{
			"from": [6, 0, 6],
			"to": [10, 1, 10],
			"faces": {
				"north": {"uv": [2, 6, 6, 7], "texture": "#end_rod"},
				"east": {"uv": [2, 6, 6, 7], "texture": "#end_rod"},
				"south": {"uv": [2, 6, 6, 7], "texture": "#end_rod"},
				"west": {"uv": [2, 6, 6, 7], "texture": "#end_rod"},
				"up": {"uv": [2, 2, 6, 6], "texture": "#end_rod"},
				"down": {"uv": [6, 6, 2, 2], "texture": "#end_rod", "cullface": "down"}
			}
		},
		{
			"from": [7, 1, 7],
			"to": [9, 16, 9],
			"faces": {
				"north": {"uv": [0, 0, 2, 15], "texture": "#end_rod"},
				"east": {"uv": [0, 0, 2, 15], "texture": "#end_rod"},
				"south": {"uv": [0, 0, 2, 15], "texture": "#end_rod"},
				"west": {"uv": [0, 0, 2, 15], "texture": "#end_rod"},
				"up": {"uv": [2, 0, 4, 2], "texture": "#end_rod", "cullface": "up"}
			}
		},
		{
			"from": [6.5, 0.5, 5.07612],
			"to": [8, 7.5, 6.57612],
			"rotation": {"angle": -22.5, "axis": "x", "origin": [8, 8, 8]},
			"faces": {
				"north": {"uv": [0, 1.5, 1.5, 8.5], "texture": "#1"},
				"east": {"uv": [0, 1.5, 1.5, 8.5], "texture": "#1"},
				"south": {"uv": [0, 1.5, 1.5, 8.5], "texture": "#1"},
				"west": {"uv": [0, 1.5, 1.5, 8.5], "texture": "#1"},
				"up": {"uv": [8.5, 4.5, 10, 6], "texture": "#1"},
				"down": {"uv": [0, 0, 1.5, 1.5], "texture": "#missing"}
			}
		},
		{
			"from": [7.5, 1, 7.5],
			"to": [9.5, 12, 9.5],
			"faces": {
				"north": {"uv": [0, 4, 2, 15], "texture": "#end_rod"},
				"east": {"uv": [0, 4, 2, 15], "texture": "#end_rod"},
				"south": {"uv": [0, 4, 2, 15], "texture": "#end_rod"},
				"west": {"uv": [0, 4, 2, 15], "texture": "#end_rod"},
				"up": {"uv": [2, 0, 4, 2], "texture": "#end_rod"},
				"down": {"uv": [0, 0, 2, 2], "texture": "#missing"}
			}
		},
		{
			"from": [2.4645, 2.12132, 7.4],
			"to": [4.4645, 6.12132, 9.4],
			"rotation": {"angle": 45, "axis": "z", "origin": [8, 8, 8]},
			"faces": {
				"north": {"uv": [0, 5.5, 2, 9.5], "texture": "#1"},
				"east": {"uv": [0, 2, 2, 6], "texture": "#1"},
				"south": {"uv": [0, 2, 2, 6], "texture": "#1"},
				"west": {"uv": [0, 0, 2, 4], "texture": "#1"},
				"up": {"uv": [2, 0, 4, 2], "texture": "#end_rod"},
				"down": {"uv": [2, 0, 4, 2], "texture": "#end_rod"}
			}
		}
	],
	"display": {
		"thirdperson_righthand": {
			"scale": [0.375, 0.375, 0.375]
		},
		"head": {
			"rotation": [-60, 0, 0],
			"translation": [0, 5, -9]
		}
	}
}