{
	"credit": "Made with Blockbench",
	"textures": {
		"0": "block/iron_door_top",
		"1": "block/iron_trapdoor",
		"particle": "block/iron_door_top"
	},
	"elements": [
		{
			"from": [0, 0, 0],
			"to": [3, 16, 1],
			"faces": {
				"north": {"uv": [0, 0, 3, 16], "texture": "#1"},
				"east": {"uv": [0, 0, 1, 16], "texture": "#0"},
				"south": {"uv": [0, 0, 3, 16], "texture": "#1"},
				"west": {"uv": [1, 0, 0, 16], "texture": "#0"},
				"up": {"uv": [15, 0, 16, 3], "rotation": 270, "texture": "#1"},
				"down": {"uv": [10.5, 8, 11.5, 11], "rotation": 270, "texture": "#1"}
			}
		},
		{
			"from": [0, 0, 15],
			"to": [3, 16, 16],
			"faces": {
				"north": {"uv": [0, 0, 3, 16], "texture": "#1"},
				"east": {"uv": [16, 0, 15, 16], "texture": "#0"},
				"south": {"uv": [0, 0, 3, 16], "texture": "#1"},
				"west": {"uv": [15, 0, 16, 16], "texture": "#0"},
				"up": {"uv": [0, 0, 1, 3], "rotation": 270, "texture": "#1"},
				"down": {"uv": [4.5, 8, 5.5, 11], "rotation": 90, "texture": "#1"}
			}
		},
		{
			"from": [0, 15, 1],
			"to": [3, 16, 15],
			"faces": {
				"east": {"uv": [1, 0, 15, 1], "texture": "#0"},
				"west": {"uv": [1, 0, 15, 1], "texture": "#0"},
				"up": {"uv": [1, 0, 15, 3], "rotation": 270, "texture": "#1"},
				"down": {"uv": [1, 0, 15, 3], "rotation": 90, "texture": "#1"}
			}
		},
		{
			"from": [0.5, 0, 2],
			"to": [2.5, 15, 4],
			"faces": {
				"north": {"uv": [2, 1, 4, 16], "texture": "#0"},
				"east": {"uv": [4, 1, 2, 16], "texture": "#0"},
				"south": {"uv": [2, 1, 4, 16], "texture": "#0"},
				"west": {"uv": [2, 1, 4, 16], "texture": "#0"},
				"down": {"uv": [0.5, 0.5, 2.5, 2.5], "texture": "#1"}
			}
		},
		{
			"from": [0.5, 0, 12],
			"to": [2.5, 15, 14],
			"faces": {
				"north": {"uv": [7, 1, 9, 16], "texture": "#0"},
				"east": {"uv": [14, 1, 12, 16], "texture": "#0"},
				"south": {"uv": [7, 1, 9, 16], "texture": "#0"},
				"west": {"uv": [12, 1, 14, 16], "texture": "#0"},
				"down": {"uv": [0.5, 13.5, 2.5, 15.5], "texture": "#1"}
			}
		},
		{
			"from": [0.5, 0, 7],
			"to": [2.5, 15, 9],
			"faces": {
				"north": {"uv": [7, 1, 9, 16], "texture": "#0"},
				"east": {"uv": [9, 1, 7, 16], "texture": "#0"},
				"south": {"uv": [7, 1, 9, 16], "texture": "#0"},
				"west": {"uv": [7, 1, 9, 16], "texture": "#0"},
				"down": {"uv": [0.5, 0.5, 2.5, 2.5], "texture": "#1"}
			}
		},
		{
			"from": [0.5, 3, 1],
			"to": [2.5, 4.5, 15],
			"faces": {
				"east": {"uv": [15, 11.5, 1, 13], "texture": "#0"},
				"west": {"uv": [1, 11.5, 15, 13], "texture": "#0"},
				"up": {"uv": [13.5, 1, 15.5, 15], "texture": "#1"},
				"down": {"uv": [0.5, 1, 2.5, 15], "texture": "#1"}
			}
		},
		{
			"from": [0.5, 12, 1],
			"to": [2.5, 13.5, 15],
			"faces": {
				"east": {"uv": [15, 2.5, 1, 4], "texture": "#0"},
				"west": {"uv": [1, 2.5, 15, 4], "texture": "#0"},
				"up": {"uv": [13.5, 1, 15.5, 15], "texture": "#1"},
				"down": {"uv": [0.5, 1, 2.5, 15], "texture": "#1"}
			}
		},
		{
			"from": [0, 0, 13],
			"to": [3, 2, 15],
			"faces": {
				"north": {"uv": [13, 0, 16, 2], "texture": "#1"},
				"east": {"uv": [14, 14, 16, 16], "texture": "#0"},
				"west": {"uv": [13, 14, 15, 16], "texture": "#0"},
				"up": {"uv": [0, 0.5, 3, 2.5], "texture": "#1"},
				"down": {"uv": [3.5, 13, 1.5, 16], "rotation": 90, "texture": "#1"}
			}
		}
	]
}