{
	"credit": "Made with Blockbench",
	"ambientocclusion": false,
	"textures": {
		"particle": "block/iron_bars",
		"bars": "block/iron_bars"
	},
	"elements": [
		{
			"from": [7, 3, 1],
			"to": [9, 4.5, 7],
			"faces": {
				"north": {"uv": [0, 11.5, 2, 13], "texture": "#bars"},
				"east": {"uv": [0, 11.5, 6, 13], "texture": "#bars"},
				"south": {"uv": [14, 11.5, 16, 13], "texture": "#bars"},
				"west": {"uv": [0, 11.5, 6, 13], "texture": "#bars"},
				"up": {"uv": [2, 4.5, 4, 10.5], "texture": "#bars"},
				"down": {"uv": [12, 5, 14, 11], "texture": "#bars"}
			}
		},
		{
			"from": [7, 12, 1],
			"to": [9, 13.5, 7],
			"rotation": {"angle": 0, "axis": "y", "origin": [8, 17, 8]},
			"faces": {
				"north": {"uv": [0, 2.5, 2, 4], "texture": "#bars"},
				"east": {"uv": [0, 2.5, 6, 4], "texture": "#bars"},
				"south": {"uv": [14, 2.5, 16, 4], "texture": "#bars"},
				"west": {"uv": [0, 2.5, 6, 4], "texture": "#bars"},
				"up": {"uv": [12, 4.5, 14, 10.5], "texture": "#bars"},
				"down": {"uv": [2, 4.5, 4, 10.5], "texture": "#bars"}
			}
		},
		{
			"from": [7, 0, 3],
			"to": [9, 16, 5],
			"faces": {
				"north": {"uv": [12, 0, 14, 16], "texture": "#bars"},
				"east": {"uv": [2, 0, 4, 16], "texture": "#bars"},
				"south": {"uv": [12, 0, 14, 16], "texture": "#bars"},
				"west": {"uv": [2, 0, 4, 16], "texture": "#bars"},
				"up": {"uv": [12, 6.5, 14, 8.5], "texture": "#bars"},
				"down": {"uv": [12, 6.5, 14, 8.5], "texture": "#bars"}
			}
		},
		{
			"from": [7, 0, 0],
			"to": [9, 16, 1],
			"rotation": {"angle": 0, "axis": "y", "origin": [8, 8, 4]},
			"faces": {
				"north": {"uv": [12, 0, 14, 16], "texture": "#bars"},
				"east": {"uv": [12, 0, 13, 16], "texture": "#bars"},
				"south": {"uv": [2, 0, 4, 16], "texture": "#bars"},
				"west": {"uv": [3, 0, 4, 16], "texture": "#bars"},
				"up": {"uv": [12, 9.5, 14, 10.5], "texture": "#bars"},
				"down": {"uv": [12, 9.5, 14, 10.5], "texture": "#bars"}
			}
		}
	]
}