{
	"credit": "Made with Blockbench",
	"textures": {
		"0": "block/mangrove_fence",
		"1": "block/mangrove_planks",
		"particle": "block/mangrove_planks"
	},
	"elements": [
		{
			"from": [6, 0, 6],
			"to": [10, 12, 10],
			"faces": {
				"north": {"uv": [7.5, 0.5, 11.5, 12.5], "texture": "#0"},
				"east": {"uv": [7.5, 0.5, 11.5, 12.5], "texture": "#0"},
				"south": {"uv": [7.5, 0.5, 11.5, 12.5], "texture": "#0"},
				"west": {"uv": [7.5, 0.5, 11.5, 12.5], "texture": "#0"},
				"up": {"uv": [0, 0, 4, 4], "texture": "#missing"},
				"down": {"uv": [7.5, 6, 11.5, 10], "texture": "#0"}
			}
		},
		{
			"from": [6, 12, 6],
			"to": [10, 16, 10],
			"faces": {
				"north": {"uv": [5.5, 3.5, 9.5, 7.5], "texture": "#1"},
				"east": {"uv": [5.5, 3.5, 9.5, 7.5], "texture": "#1"},
				"south": {"uv": [5.5, 3.5, 9.5, 7.5], "texture": "#1"},
				"west": {"uv": [5.5, 3.5, 9.5, 7.5], "texture": "#1"},
				"up": {"uv": [5, 6, 9, 10], "texture": "#0"},
				"down": {"uv": [0, 0, 4, 4], "texture": "#missing"}
			}
		}
	]
}