{
	"credit": "Made with Blockbench",
	"parent": "minecraft:block/stem_fruit",
	"textures": {
		"1": "block/crops/melon_stem_3"
	},
	"elements": [
		{
			"from": [-16, -1, 8],
			"to": [16, 31, 8],
			"faces": {
				"north": {"uv": [0, 0, 16, 16], "texture": "#1"},
				"east": {"uv": [0, 0, 0, 16], "texture": "#missing"},
				"south": {"uv": [16, 0, 0, 16], "texture": "#1"},
				"west": {"uv": [0, 0, 0, 16], "texture": "#missing"},
				"up": {"uv": [0, 0, 16, 0], "texture": "#missing"},
				"down": {"uv": [0, 0, 16, 0], "texture": "#missing"}
			}
		}
	]
}