{
	"credit": "Made with Blockbench",
	"parent": "minecraft:block/stem_fruit",
	"textures": {
		"1": "block/crops/melon_stem_6",
		"2": "block/crops/melon_leaves",
		"3": "block/crops/melon_details",
		"particle": "block/crops/melon_leaves"
	},
	"elements": [
		{
			"from": [-16, -1, 8],
			"to": [16, 31, 8],
			"faces": {
				"north": {"uv": [0, 0, 16, 16], "texture": "#1"},
				"east": {"uv": [0, 0, 0, 16], "texture": "#missing"},
				"south": {"uv": [16, 0, 0, 16], "texture": "#1"},
				"west": {"uv": [0, 0, 0, 16], "texture": "#missing"},
				"up": {"uv": [0, 0, 16, 0], "texture": "#missing"},
				"down": {"uv": [0, 0, 16, 0], "texture": "#missing"}
			}
		},
		{
			"from": [5.75, 8, 10.5],
			"to": [15.75, 8, 20.5],
			"rotation": {"angle": -22.5, "axis": "x", "origin": [0, 0, 0]},
			"faces": {
				"north": {"uv": [0, 0, 16, 0], "texture": "#missing"},
				"east": {"uv": [0, 0, 10, 0], "texture": "#missing"},
				"south": {"uv": [0, 0, 16, 0], "texture": "#missing"},
				"west": {"uv": [0, 0, 10, 0], "texture": "#missing"},
				"up": {"uv": [13.5, 2.5, 3.5, 12.5], "rotation": 180, "texture": "#2"},
				"down": {"uv": [13.5, 12.5, 3.5, 2.5], "rotation": 180, "texture": "#2"}
			}
		},
		{
			"from": [1.75, 21.9, 4],
			"to": [8.75, 21.9, 10.5],
			"rotation": {"angle": 22.5, "axis": "y", "origin": [0, 0, 0]},
			"faces": {
				"north": {"uv": [0, 0, 10, 0], "texture": "#missing"},
				"east": {"uv": [0, 0, 16, 0], "texture": "#missing"},
				"south": {"uv": [0, 0, 10, 0], "texture": "#missing"},
				"west": {"uv": [0, 0, 16, 0], "texture": "#missing"},
				"up": {"uv": [0, 0, 7, 6.5], "texture": "#3"},
				"down": {"uv": [0, 6.5, 7, 0], "texture": "#3"}
			}
		},
		{
			"from": [1.05, 20.3, 5.35],
			"to": [11.05, 20.3, 15.35],
			"rotation": {"angle": 22.5, "axis": "z", "origin": [0, 0, 0]},
			"faces": {
				"north": {"uv": [0, 0, 10, 0], "texture": "#missing"},
				"east": {"uv": [0, 0, 16, 0], "texture": "#missing"},
				"south": {"uv": [0, 0, 10, 0], "texture": "#missing"},
				"west": {"uv": [0, 0, 16, 0], "texture": "#missing"},
				"up": {"uv": [3.5, 2.5, 13.5, 12.5], "rotation": 180, "texture": "#2"},
				"down": {"uv": [3.5, 12.5, 13.5, 2.5], "rotation": 180, "texture": "#2"}
			}
		},
		{
			"from": [-1.5, 22.3, 2.45],
			"to": [5.5, 22.3, 8.95],
			"rotation": {"angle": -22.5, "axis": "z", "origin": [0, 0, 0]},
			"faces": {
				"north": {"uv": [0, 0, 10, 0], "texture": "#missing"},
				"east": {"uv": [0, 0, 16, 0], "texture": "#missing"},
				"south": {"uv": [0, 0, 10, 0], "texture": "#missing"},
				"west": {"uv": [0, 0, 16, 0], "texture": "#missing"},
				"up": {"uv": [0, 0, 7, 6.5], "texture": "#3"},
				"down": {"uv": [0, 6.5, 7, 0], "texture": "#3"}
			}
		},
		{
			"from": [-11.1, 10.8, 5.4],
			"to": [-5.1, 16.8, 11.4],
			"rotation": {"angle": -22.5, "axis": "z", "origin": [0, 0, 0]},
			"faces": {
				"north": {"uv": [9, 8, 15, 14], "texture": "#3"},
				"east": {"uv": [9, 8, 15, 14], "texture": "#3"},
				"south": {"uv": [9, 8, 15, 14], "texture": "#3"},
				"west": {"uv": [9, 8, 15, 14], "texture": "#3"},
				"up": {"uv": [9, 1, 15, 7], "texture": "#3"},
				"down": {"uv": [9, 1, 15, 7], "texture": "#3"}
			}
		}
	]
}