{
	"credit": "Made with Blockbench",
	"parent": "block/stairs",
	"textures": {
		"2": "block/quartz_stairs",
		"particle": "block/quartz_stairs",
		"bottom": "block/quartz_block_top",
		"side": "block/quartz_block_side"
	},
	"elements": [
		{
			"from": [0, 0, 0],
			"to": [8, 8, 16],
			"faces": {
				"north": {"uv": [8, 0, 16, 8], "texture": "#side"},
				"east": {"uv": [0, 0, 16, 8], "texture": "#missing"},
				"south": {"uv": [0, 0, 8, 8], "texture": "#side"},
				"west": {"uv": [0, 0, 16, 8], "texture": "#2"},
				"up": {"uv": [0, 0, 8, 16], "texture": "#bottom"},
				"down": {"uv": [0, 0, 8, 16], "texture": "#side"}
			}
		},
		{
			"from": [8, 0, 0],
			"to": [16, 8, 16],
			"faces": {
				"north": {"uv": [0, 0, 8, 8], "texture": "#side"},
				"east": {"uv": [0, 8, 16, 16], "texture": "#side"},
				"south": {"uv": [8, 0, 16, 8], "texture": "#side"},
				"west": {"uv": [0, 0, 16, 8], "texture": "#missing"},
				"up": {"uv": [0, 0, 8, 16], "texture": "#missing"},
				"down": {"uv": [8, 0, 16, 16], "texture": "#side"}
			}
		},
		{
			"from": [8, 8, 0],
			"to": [16, 16, 16],
			"faces": {
				"north": {"uv": [0, 0, 8, 8], "texture": "#side"},
				"east": {"uv": [0, 0, 16, 8], "texture": "#side"},
				"south": {"uv": [8, 0, 16, 8], "texture": "#side"},
				"west": {"uv": [0, 0, 16, 8], "texture": "#2"},
				"up": {"uv": [0, 0, 8, 16], "texture": "#bottom"},
				"down": {"uv": [0, 0, 8, 16], "texture": "#missing"}
			}
		}
	]
}