{
	"credit": "Made with Blockbench",
	"parent": "block/cross",
	"textures": {
		"1": "block/red_mushroom_extra_1",
		"particle": "block/red_mushroom_3d"
	},
	"elements": [
		{
			"from": [9.5, 2, 9.5],
			"to": [12.5, 4, 12.5],
			"faces": {
				"north": {"uv": [8, 0, 11, 2], "texture": "#1"},
				"east": {"uv": [8, 0, 11, 2], "texture": "#1"},
				"south": {"uv": [8, 0, 11, 2], "texture": "#1"},
				"west": {"uv": [8, 0, 11, 2], "texture": "#1"},
				"down": {"uv": [8, 4, 11, 7], "texture": "#1"}
			}
		},
		{
			"from": [7, 4, 7],
			"to": [15, 6, 15],
			"faces": {
				"north": {"uv": [0, 5.5, 8, 7.5], "texture": "#1"},
				"east": {"uv": [0, 2, 8, 4], "texture": "#1"},
				"south": {"uv": [0, 0, 8, 2], "texture": "#1"},
				"west": {"uv": [0, 4, 8, 6], "texture": "#1"},
				"up": {"uv": [0, 0, 8, 8], "texture": "#1"},
				"down": {"uv": [0, 8, 8, 16], "texture": "#1"}
			}
		},
		{
			"from": [8, 6, 8],
			"to": [14, 8, 14],
			"faces": {
				"north": {"uv": [2, 2.5, 8, 4.5], "texture": "#1"},
				"east": {"uv": [1, 6, 7, 8], "texture": "#1"},
				"south": {"uv": [0, 0, 6, 2], "texture": "#1"},
				"west": {"uv": [2, 6, 8, 8], "texture": "#1"},
				"up": {"uv": [0, 0, 6, 6], "texture": "#1"}
			}
		},
		{
			"from": [2.38268, 2, 2.07612],
			"to": [8.38268, 4, 8.07612],
			"rotation": {"angle": 22.5, "axis": "y", "origin": [0, 0, 1]},
			"faces": {
				"north": {"uv": [2, 2.5, 8, 4.5], "texture": "#1"},
				"east": {"uv": [1, 6, 7, 8], "texture": "#1"},
				"south": {"uv": [0, 0, 6, 2], "texture": "#1"},
				"west": {"uv": [2, 6, 8, 8], "texture": "#1"},
				"up": {"uv": [0, 0, 6, 6], "texture": "#1"},
				"down": {"uv": [0, 0, 6, 6], "texture": "#1"}
			}
		},
		{
			"from": [10, 0, 10],
			"to": [12, 2, 12],
			"faces": {
				"north": {"uv": [8.5, 2, 10.5, 4], "texture": "#1"},
				"east": {"uv": [8.5, 2, 10.5, 4], "texture": "#1"},
				"south": {"uv": [8.5, 2, 10.5, 4], "texture": "#1"},
				"west": {"uv": [8.5, 2, 10.5, 4], "texture": "#1"},
				"down": {"uv": [8.5, 4.5, 10.5, 6.5], "texture": "#1"}
			}
		},
		{
			"from": [4.38268, 0, 4.07612],
			"to": [6.38268, 2, 6.07612],
			"rotation": {"angle": 22.5, "axis": "y", "origin": [0, 0, 1]},
			"faces": {
				"north": {"uv": [8.5, 2, 10.5, 4], "texture": "#1"},
				"east": {"uv": [8.5, 2, 10.5, 4], "texture": "#1"},
				"south": {"uv": [8.5, 2, 10.5, 4], "texture": "#1"},
				"west": {"uv": [8.5, 2, 10.5, 4], "texture": "#1"},
				"down": {"uv": [8.5, 4.5, 10.5, 6.5], "texture": "#1"}
			}
		}
	]
}