{
	"credit": "Made with Blockbench",
	"parent": "block/cross",
	"textures": {
		"1": "block/red_mushroom_extra_1",
		"particle": "block/red_mushroom_3d"
	},
	"elements": [
		{
			"from": [3, 0, 4],
			"to": [5, 1, 6],
			"faces": {
				"north": {"uv": [8.5, 2.5, 10.5, 3.5], "texture": "#1"},
				"east": {"uv": [8.5, 2.5, 10.5, 3.5], "texture": "#1"},
				"south": {"uv": [8.5, 2.5, 10.5, 3.5], "texture": "#1"},
				"west": {"uv": [8.5, 2.5, 10.5, 3.5], "texture": "#1"},
				"down": {"uv": [8.5, 4.5, 10.5, 6.5], "texture": "#1"}
			}
		},
		{
			"from": [9, 0, 10],
			"to": [11, 2, 12],
			"rotation": {"angle": -22.5, "axis": "y", "origin": [0, 0, 0]},
			"faces": {
				"north": {"uv": [8.5, 2, 10.5, 4], "texture": "#1"},
				"east": {"uv": [8.5, 2, 10.5, 4], "texture": "#1"},
				"south": {"uv": [8.5, 2, 10.5, 4], "texture": "#1"},
				"west": {"uv": [8.5, 2, 10.5, 4], "texture": "#1"},
				"down": {"uv": [8.5, 4.5, 10.5, 6.5], "texture": "#1"}
			}
		},
		{
			"from": [10, 0, 7],
			"to": [12, 2.5, 9],
			"faces": {
				"north": {"uv": [8.5, 2, 10.5, 4.5], "texture": "#1"},
				"east": {"uv": [8.5, 2, 10.5, 4.5], "texture": "#1"},
				"south": {"uv": [8.5, 2, 10.5, 4.5], "texture": "#1"},
				"west": {"uv": [8.5, 2, 10.5, 4.5], "texture": "#1"},
				"down": {"uv": [8.5, 4.5, 10.5, 6.5], "texture": "#1"}
			}
		},
		{
			"from": [9, 2.5, 6],
			"to": [13, 4.5, 10],
			"faces": {
				"north": {"uv": [1, 5.5, 5, 7.5], "texture": "#1"},
				"east": {"uv": [0, 0, 4, 2], "texture": "#1"},
				"south": {"uv": [4, 5.5, 8, 7.5], "texture": "#1"},
				"west": {"uv": [0, 2, 4, 4], "texture": "#1"},
				"up": {"uv": [1.5, 2, 5.5, 6], "texture": "#1"},
				"down": {"uv": [1.5, 2, 5.5, 6], "texture": "#1"}
			}
		},
		{
			"from": [7.5, 2, 8.5],
			"to": [12.5, 4, 13.5],
			"rotation": {"angle": -22.5, "axis": "y", "origin": [0, 0, 0]},
			"faces": {
				"north": {"uv": [3, 3.5, 8, 5.5], "texture": "#1"},
				"east": {"uv": [1.5, 13, 6.5, 15], "texture": "#1"},
				"south": {"uv": [1.5, 13, 6.5, 15], "texture": "#1"},
				"west": {"uv": [1.5, 13, 6.5, 15], "texture": "#1"},
				"up": {"uv": [0.5, 1, 5.5, 6], "texture": "#1"},
				"down": {"uv": [0.5, 1, 5.5, 6], "texture": "#1"}
			}
		},
		{
			"from": [2, 1, 3],
			"to": [6, 2, 7],
			"faces": {
				"north": {"uv": [0, 0, 4, 1], "texture": "#1"},
				"east": {"uv": [0, 0, 4, 1], "texture": "#1"},
				"south": {"uv": [0, 2, 4, 3], "texture": "#1"},
				"west": {"uv": [2.5, 4.5, 6.5, 5.5], "texture": "#1"},
				"up": {"uv": [0, 0, 4, 4], "texture": "#1"},
				"down": {"uv": [0, 0, 4, 4], "texture": "#1"}
			}
		}
	]
}