{
	"credit": "Made with Blockbench",
	"textures": {
		"1": "block/spruce_planks",
		"2": "block/fance_sprucev2",
		"particle": "block/spruce_planks"
	},
	"elements": [
		{
			"from": [6, 13, 0],
			"to": [10, 15, 6],
			"faces": {
				"north": {"uv": [5.5, 1.5, 9.5, 3.5], "texture": "#1"},
				"east": {"uv": [0, 0.5, 5.5, 2.5], "texture": "#1"},
				"south": {"uv": [5.5, 1.5, 9.5, 3.5], "texture": "#1"},
				"west": {"uv": [0, 0.5, 5.5, 2.5], "texture": "#1"},
				"up": {"uv": [7.5, 0.5, 11.5, 6.5], "texture": "#2"},
				"down": {"uv": [7.5, 2.5, 11.5, 8.5], "texture": "#2"}
			}
		},
		{
			"from": [7, 6, 0],
			"to": [9, 7, 6],
			"faces": {
				"north": {"uv": [4.5, 1, 6.5, 2], "texture": "#1"},
				"east": {"uv": [0.5, 0.5, 6.5, 1.5], "texture": "#1"},
				"south": {"uv": [4.5, 1, 6.5, 2], "texture": "#1"},
				"west": {"uv": [0.5, 0.5, 6.5, 1.5], "texture": "#1"},
				"up": {"uv": [7.5, 1, 9.5, 7], "texture": "#2"},
				"down": {"uv": [7.5, 9.5, 9.5, 15.5], "texture": "#2"}
			}
		},
		{
			"from": [7, 6.29289, 2.29289],
			"to": [9, 15.29289, 3.29289],
			"rotation": {"angle": -45, "axis": "x", "origin": [8, 11.5, 3.5]},
			"faces": {
				"north": {"uv": [4, 0.5, 6, 9.5], "texture": "#2"},
				"east": {"uv": [3.5, 0, 4.5, 9], "texture": "#2"},
				"south": {"uv": [4, 0.5, 6, 9.5], "texture": "#2"},
				"west": {"uv": [6, 0, 7, 9], "texture": "#2"},
				"down": {"uv": [4.5, 1, 6.5, 2], "texture": "#1"}
			}
		}
	]
}