{
	"credit": "Made with Blockbench",
	"textures": {
		"1": "block/fance_sprucev2",
		"2": "block/spruce_planks",
		"particle": "block/fance_sprucev2"
	},
	"elements": [
		{
			"from": [6, 14, 10],
			"to": [10, 16, 16],
			"faces": {
				"north": {"uv": [3, 1, 7, 3], "texture": "#2"},
				"east": {"uv": [0, 0.5, 5.5, 2.5], "texture": "#2"},
				"south": {"uv": [3, 1, 7, 3], "texture": "#2"},
				"west": {"uv": [0, 0.5, 5.5, 2.5], "texture": "#2"},
				"up": {"uv": [7.5, 0.5, 11.5, 6.5], "texture": "#1"},
				"down": {"uv": [7.5, 0.5, 11.5, 6.5], "texture": "#1"}
			}
		},
		{
			"from": [7, 7, 10],
			"to": [9, 8, 16],
			"faces": {
				"north": {"uv": [6.5, 6.5, 8.5, 7.5], "texture": "#2"},
				"east": {"uv": [0, 0.5, 5, 1.5], "texture": "#2"},
				"south": {"uv": [6.5, 6.5, 8.5, 7.5], "texture": "#2"},
				"west": {"uv": [0, 0.5, 5, 1.5], "texture": "#2"},
				"up": {"uv": [7.5, 3.5, 9.5, 9.5], "texture": "#1"},
				"down": {"uv": [7.5, 3.5, 9.5, 9.5], "texture": "#1"}
			}
		},
		{
			"from": [7, 7, 12],
			"to": [9, 16, 13],
			"rotation": {"angle": 45, "axis": "x", "origin": [8, 11.5, 12.5]},
			"faces": {
				"north": {"uv": [7.5, 6.5, 9.5, 15.5], "texture": "#1"},
				"east": {"uv": [7.5, 1, 8.5, 10], "texture": "#1"},
				"south": {"uv": [7.5, 6.5, 9.5, 15.5], "texture": "#1"},
				"west": {"uv": [7.5, 1, 8.5, 10], "texture": "#1"},
				"down": {"uv": [6.5, 6.5, 8.5, 7.5], "texture": "#2"}
			}
		}
	]
}