{
	"credit": "Made by SyndiShanX",
	"parent": "block/thin_block",
	"ambientocclusion": false,
	"textures": {
		"1": "block/metal_rail",
		"particle": "block/spruce_trapdoor",
		"trapdoor": "block/spruce_trapdoor"
	},
	"elements": [
		{
			"name": "Trapdoor",
			"from": [0, 0, 13],
			"to": [16, 16, 16],
			"faces": {
				"north": {"uv": [0, 0, 16, 16], "texture": "#trapdoor"},
				"east": {"uv": [0, 0, 3, 16], "texture": "#trapdoor"},
				"south": {"uv": [16, 16, 0, 0], "rotation": 180, "texture": "#trapdoor"},
				"west": {"uv": [9, 0, 12, 16], "texture": "#trapdoor"},
				"up": {"uv": [16, 5.5, 0, 8.5], "texture": "#trapdoor"},
				"down": {"uv": [16, 5.5, 0, 8.5], "texture": "#trapdoor"}
			}
		},
		{
			"from": [-0.25, 13, 12.75],
			"to": [16.25, 14.5, 16.25],
			"faces": {
				"north": {"uv": [0, 1.45455, 16, 2.90606], "texture": "#1"},
				"east": {"uv": [0.58182, 1.45455, 4.08182, 2.90606], "texture": "#1"},
				"south": {"uv": [0, 1.45455, 16, 2.90606], "texture": "#1"},
				"west": {"uv": [0.58182, 1.45455, 4.08182, 2.90606], "texture": "#1"},
				"up": {"uv": [0, 1.45455, 16, 1.93455], "texture": "#1"},
				"down": {"uv": [0, 2.42424, 16, 2.90424], "texture": "#1"}
			}
		},
		{
			"from": [-0.25, 1.5, 12.75],
			"to": [16.25, 3, 16.25],
			"faces": {
				"north": {"uv": [0, 1.45455, 16, 2.90606], "texture": "#1"},
				"east": {"uv": [0.58182, 1.45455, 4.08182, 2.90606], "texture": "#1"},
				"south": {"uv": [0, 1.45455, 16, 2.90606], "texture": "#1"},
				"west": {"uv": [0.58182, 1.45455, 4.08182, 2.90606], "texture": "#1"},
				"up": {"uv": [0, 1.45455, 16, 1.93455], "texture": "#1"},
				"down": {"uv": [0, 2.42424, 16, 2.90424], "texture": "#1"}
			}
		}
	],
	"groups": [
		{
			"name": "Trapdoor",
			"origin": [8, 8, 8],
			"color": 0,
			"children": [0, 1, 2]
		}
	]
}