{
	"credit": "Made with Blockbench",
	"parent": "minecraft:block/template_wall_post",
	"textures": {
		"1": "block/stone_bricks_wall",
		"particle": "block/stone_bricks_wall"
	},
	"elements": [
		{
			"from": [4, 0, 4],
			"to": [12, 16, 12],
			"faces": {
				"north": {"uv": [0, 0, 8, 16], "texture": "#1"},
				"east": {"uv": [0, 0, 8, 16], "texture": "#1"},
				"south": {"uv": [0, 0, 8, 16], "texture": "#1"},
				"west": {"uv": [0, 0, 8, 16], "texture": "#1"},
				"up": {"uv": [8, 8, 16, 16], "texture": "#1"},
				"down": {"uv": [8, 8, 16, 16], "texture": "#1"}
			}
		}
	]
}