{
	"credit": "Made with Blockbench",
	"textures": {
		"1": "block/custom/pipe",
		"2": "block/custom/pipe_top",
		"particle": "block/granite"
	},
	"elements": [
		{
			"name": "Center post",
			"from": [4, 0, 4],
			"to": [12, 16, 12],
			"faces": {
				"north": {"uv": [9, 1, 16, 15], "texture": "#1"},
				"east": {"uv": [9, 1, 16, 15], "texture": "#1"},
				"south": {"uv": [0, 1, 7, 15], "texture": "#1"},
				"west": {"uv": [0, 1, 7, 15], "texture": "#1"},
				"up": {"uv": [1, 1, 15, 15], "texture": "#2", "cullface": "up"},
				"down": {"uv": [4, 4, 12, 12], "texture": "#1", "cullface": "down"}
			}
		},
		{
			"name": "base",
			"from": [3, 0, 3],
			"to": [13, 2, 13],
			"faces": {
				"north": {"uv": [9, 13, 16, 15], "texture": "#1"},
				"east": {"uv": [9, 13, 16, 15], "texture": "#1"},
				"south": {"uv": [0, 13, 7, 15], "texture": "#1"},
				"west": {"uv": [0, 13, 7, 15], "texture": "#1"},
				"up": {"uv": [1, 1, 15, 15], "texture": "#2", "cullface": "up"},
				"down": {"uv": [4, 4, 12, 12], "texture": "#1", "cullface": "down"}
			}
		}
	]
}