{
	"credit": "Made with Blockbench",
	"ambientocclusion": false,
	"textures": {
		"0": "block/flowers/torchflower",
		"particle": "block/flowers/torchflower"
	},
	"elements": [
		{
			"from": [2.5, 0, 8],
			"to": [11, 9, 8],
			"rotation": {"angle": 0, "axis": "y", "origin": [-1, 0, 0]},
			"faces": {
				"north": {"uv": [4, 7, 12.5, 16], "texture": "#0"},
				"south": {"uv": [12.5, 7, 4, 16], "texture": "#0"}
			}
		},
		{
			"from": [10.05, 8, 1.7],
			"to": [10.05, 14, 6.7],
			"rotation": {"angle": -45, "axis": "y", "origin": [10.05, 8, 4]},
			"faces": {
				"east": {"uv": [5, 1, 10, 7], "texture": "#0"},
				"west": {"uv": [10, 1, 5, 7], "texture": "#0"}
			}
		},
		{
			"from": [8.5, 0, 11],
			"to": [17, 8.5, 11],
			"rotation": {"angle": -22.5, "axis": "y", "origin": [13, -0.5, 11]},
			"faces": {
				"north": {"uv": [4, 7, 12.5, 15.5], "texture": "#0"},
				"south": {"uv": [12.5, 7, 4, 15.5], "texture": "#0"}
			}
		},
		{
			"from": [13, 0, 6.5],
			"to": [13, 8.5, 15],
			"rotation": {"angle": -22.5, "axis": "y", "origin": [13, -0.5, 11]},
			"faces": {
				"east": {"uv": [4, 7, 12.5, 15.5], "texture": "#0"},
				"west": {"uv": [12.5, 7, 4, 15.5], "texture": "#0"}
			}
		},
		{
			"from": [10.75, 8.5, 11],
			"to": [15.75, 14.5, 11],
			"rotation": {"angle": 0, "axis": "y", "origin": [10.75, 8.5, 11]},
			"faces": {
				"north": {"uv": [5, 1, 10, 7], "texture": "#0"},
				"south": {"uv": [10, 1, 5, 7], "texture": "#0"}
			}
		},
		{
			"from": [13.05, 8.5, 8.7],
			"to": [13.05, 14.5, 13.7],
			"rotation": {"angle": 0, "axis": "y", "origin": [13.05, 8.5, 11]},
			"faces": {
				"east": {"uv": [5, 1, 10, 7], "texture": "#0"},
				"west": {"uv": [10, 1, 5, 7], "texture": "#0"}
			}
		},
		{
			"from": [13.05, 8.5, 8.7],
			"to": [13.05, 14.5, 13.7],
			"rotation": {"angle": 45, "axis": "y", "origin": [13.05, 8.5, 11]},
			"faces": {
				"east": {"uv": [5, 1, 10, 7], "texture": "#0"},
				"west": {"uv": [10, 1, 5, 7], "texture": "#0"}
			}
		},
		{
			"from": [13.05, 8.5, 8.7],
			"to": [13.05, 14.5, 13.7],
			"rotation": {"angle": -45, "axis": "y", "origin": [13.05, 8.5, 11]},
			"faces": {
				"east": {"uv": [5, 1, 10, 7], "texture": "#0"},
				"west": {"uv": [10, 1, 5, 7], "texture": "#0"}
			}
		},
		{
			"from": [10.05, 8, 1.7],
			"to": [10.05, 14, 6.7],
			"rotation": {"angle": 45, "axis": "y", "origin": [10.05, 8, 4]},
			"faces": {
				"east": {"uv": [5, 1, 10, 7], "texture": "#0"},
				"west": {"uv": [10, 1, 5, 7], "texture": "#0"}
			}
		},
		{
			"from": [10.05, 8, 1.7],
			"to": [10.05, 14, 6.7],
			"rotation": {"angle": 0, "axis": "y", "origin": [10.05, 8, 4]},
			"faces": {
				"east": {"uv": [5, 1, 10, 7], "texture": "#0"},
				"west": {"uv": [10, 1, 5, 7], "texture": "#0"}
			}
		},
		{
			"from": [7.75, 8, 4],
			"to": [12.75, 14, 4],
			"rotation": {"angle": 0, "axis": "y", "origin": [7.75, 8, 4]},
			"faces": {
				"north": {"uv": [5, 1, 10, 7], "texture": "#0"},
				"south": {"uv": [10, 1, 5, 7], "texture": "#0"}
			}
		},
		{
			"from": [10, 0, -0.5],
			"to": [10, 8, 8],
			"rotation": {"angle": -45, "axis": "y", "origin": [10, -1, 4]},
			"faces": {
				"east": {"uv": [4, 7, 12.5, 15], "texture": "#0"},
				"west": {"uv": [12.5, 7, 4, 15], "texture": "#0"}
			}
		},
		{
			"from": [5.5, 0, 4],
			"to": [14, 8, 4],
			"rotation": {"angle": -45, "axis": "y", "origin": [10, 0, 4]},
			"faces": {
				"north": {"uv": [4, 7, 12.5, 15], "texture": "#0"},
				"south": {"uv": [12.5, 7, 4, 15], "texture": "#0"}
			}
		},
		{
			"from": [7, 0, 3.5],
			"to": [7, 9, 12],
			"rotation": {"angle": 0, "axis": "y", "origin": [7, 0, 8]},
			"faces": {
				"east": {"uv": [4, 7, 12.5, 16], "texture": "#0"},
				"west": {"uv": [12.5, 7, 4, 16], "texture": "#0"}
			}
		},
		{
			"from": [4.75, 9, 8],
			"to": [9.75, 15, 8],
			"rotation": {"angle": 0, "axis": "y", "origin": [4.75, 9, 8]},
			"faces": {
				"north": {"uv": [5, 1, 10, 7], "texture": "#0"},
				"south": {"uv": [10, 1, 5, 7], "texture": "#0"}
			}
		},
		{
			"from": [7.05, 9, 5.7],
			"to": [7.05, 15, 10.7],
			"rotation": {"angle": 0, "axis": "y", "origin": [7.05, 9, 8]},
			"faces": {
				"east": {"uv": [5, 1, 10, 7], "texture": "#0"},
				"west": {"uv": [10, 1, 5, 7], "texture": "#0"}
			}
		},
		{
			"from": [7.05, 9, 5.7],
			"to": [7.05, 15, 10.7],
			"rotation": {"angle": 45, "axis": "y", "origin": [7.05, 9, 8]},
			"faces": {
				"east": {"uv": [5, 1, 10, 7], "texture": "#0"},
				"west": {"uv": [10, 1, 5, 7], "texture": "#0"}
			}
		},
		{
			"from": [7.05, 9, 5.7],
			"to": [7.05, 15, 10.7],
			"rotation": {"angle": -45, "axis": "y", "origin": [7.05, 9, 8]},
			"faces": {
				"east": {"uv": [5, 1, 10, 7], "texture": "#0"},
				"west": {"uv": [10, 1, 5, 7], "texture": "#0"}
			}
		}
	],
	"display": {
		"thirdperson_righthand": {
			"translation": [0, 1.5, 0.5],
			"scale": [0.5, 0.5, 0.5]
		},
		"thirdperson_lefthand": {
			"translation": [0, 1.5, 0.5],
			"scale": [0.5, 0.5, 0.5]
		},
		"firstperson_righthand": {
			"translation": [0, 2.75, 2.5],
			"scale": [0.75, 0.75, 0.75]
		},
		"firstperson_lefthand": {
			"rotation": [0, -39, 0],
			"translation": [0, 2.75, 2.25],
			"scale": [0.75, 0.75, 0.75]
		},
		"gui": {
			"rotation": [27, 48, 0]
		},
		"head": {
			"translation": [0, 14.5, 0]
		},
		"fixed": {
			"translation": [0, 0, 0.25]
		}
	}
}