{
	"credit": "Made with Blockbench",
	"parent": "block/cross",
	"textures": {
		"1": "block/warped_fungi_extra",
		"particle":"block/warped_fungi_extra"
	},
	"elements": [
		{
			"from": [0.38268, 2, 2.07612],
			"to": [6.38268, 4, 8.07612],
			"rotation": {"angle": 22.5, "axis": "y", "origin": [0, 0, 1]},
			"faces": {
				"north": {"uv": [2, 2.5, 8, 4.5], "texture": "#1"},
				"east": {"uv": [1, 6, 7, 8], "texture": "#1"},
				"south": {"uv": [0, 0, 6, 2], "texture": "#1"},
				"west": {"uv": [2, 6, 8, 8], "texture": "#1"},
				"up": {"uv": [0, 0, 6, 6], "texture": "#1"},
				"down": {"uv": [0, 0, 6, 6], "texture": "#1"}
			}
		},
		{
			"from": [2.38268, 0, 4.07612],
			"to": [4.38268, 2, 6.07612],
			"rotation": {"angle": 22.5, "axis": "y", "origin": [0, 0, 1]},
			"faces": {
				"north": {"uv": [8.5, 2, 10.5, 4], "texture": "#1"},
				"east": {"uv": [8.5, 2, 10.5, 4], "texture": "#1"},
				"south": {"uv": [8.5, 2, 10.5, 4], "texture": "#1"},
				"west": {"uv": [8.5, 2, 10.5, 4], "texture": "#1"},
				"down": {"uv": [8.5, 4.5, 10.5, 6.5], "texture": "#1"}
			}
		},
		{
			"from": [9.5, 3, 9.5],
			"to": [12.5, 6, 12.5],
			"rotation": {"angle": 0, "axis": "y", "origin": [3, 0, 3]},
			"faces": {
				"north": {"uv": [8, 1.5, 11, 4.5], "texture": "#1"},
				"east": {"uv": [8, 1.5, 11, 4.5], "texture": "#1"},
				"south": {"uv": [8, 1.5, 11, 4.5], "texture": "#1"},
				"west": {"uv": [8, 1.5, 11, 4.5], "texture": "#1"},
				"down": {"uv": [8, 8, 11, 11], "texture": "#1"}
			}
		},
		{
			"from": [7, 6.4, 6.6],
			"to": [15, 8.4, 14.6],
			"rotation": {"angle": 0, "axis": "x", "origin": [3, 0, 3]},
			"faces": {
				"north": {"uv": [0, 5.5, 8, 7.5], "texture": "#1"},
				"east": {"uv": [0, 2, 8, 4], "texture": "#1"},
				"south": {"uv": [0, 0, 8, 2], "texture": "#1"},
				"west": {"uv": [0, 4, 8, 6], "texture": "#1"},
				"up": {"uv": [0, 0, 8, 8], "texture": "#1"},
				"down": {"uv": [0, 8, 8, 16], "texture": "#1"}
			}
		},
		{
			"from": [8, 8.4, 7.6],
			"to": [14, 10.4, 13.6],
			"rotation": {"angle": 0, "axis": "x", "origin": [3, 0, 3]},
			"faces": {
				"north": {"uv": [2, 2.5, 8, 4.5], "texture": "#1"},
				"east": {"uv": [1, 6, 7, 8], "texture": "#1"},
				"south": {"uv": [0, 0, 6, 2], "texture": "#1"},
				"west": {"uv": [2, 6, 8, 8], "texture": "#1"},
				"up": {"uv": [0, 0, 6, 6], "texture": "#1"}
			}
		},
		{
			"from": [10, 0, 10],
			"to": [12, 3, 12],
			"rotation": {"angle": 0, "axis": "y", "origin": [3, 0, 3]},
			"faces": {
				"north": {"uv": [8.5, 5, 10.5, 8], "texture": "#1"},
				"east": {"uv": [8.5, 5, 10.5, 8], "texture": "#1"},
				"south": {"uv": [8.5, 5, 10.5, 8], "texture": "#1"},
				"west": {"uv": [8.5, 5, 10.5, 8], "texture": "#1"},
				"up": {"uv": [0, 0, 2, 2], "texture": "#missing"},
				"down": {"uv": [8.5, 4.5, 10.5, 6.5], "texture": "#1"}
			}
		},
		{
			"from": [8.75, 4.4, 8.35],
			"to": [13.25, 6.4, 12.85],
			"rotation": {"angle": 0, "axis": "x", "origin": [3, 0, 3]},
			"faces": {
				"north": {"uv": [11.5, 0, 16, 2], "texture": "#1"},
				"east": {"uv": [11.5, 0, 16, 2], "texture": "#1"},
				"south": {"uv": [11.5, 0, 16, 2], "texture": "#1"},
				"west": {"uv": [11.5, 0, 16, 2], "texture": "#1"}
			}
		},
		{
			"from": [2, 0.4, 1.85],
			"to": [6.5, 2.4, 6.35],
			"rotation": {"angle": 22.5, "axis": "y", "origin": [3, 0, 3]},
			"faces": {
				"north": {"uv": [11.5, 0, 16, 2], "texture": "#1"},
				"east": {"uv": [11.5, 0, 16, 2], "texture": "#1"},
				"south": {"uv": [11.5, 0, 16, 2], "texture": "#1"},
				"west": {"uv": [11.5, 0, 16, 2], "texture": "#1"}
			}
		}
	]
}