{
	"credit": "Made with Blockbench",
	"parent": "block/cross",
	"textures": {
		"1": "block/warped_fungi_extra",
		"particle":"block/warped_fungi_extra"
	},
	"elements": [
		{
			"from": [6.5, 3, 6.5],
			"to": [9.5, 6, 9.5],
			"faces": {
				"north": {"uv": [8, 1.5, 11, 4.5], "texture": "#1"},
				"east": {"uv": [8, 1.5, 11, 4.5], "texture": "#1"},
				"south": {"uv": [8, 1.5, 11, 4.5], "texture": "#1"},
				"west": {"uv": [8, 1.5, 11, 4.5], "texture": "#1"},
				"down": {"uv": [8, 8, 11, 11], "texture": "#1"}
			}
		},
		{
			"from": [4, 8.4, 1.6],
			"to": [12, 10.4, 9.6],
			"rotation": {"angle": 22.5, "axis": "x", "origin": [0, 0, 0]},
			"faces": {
				"north": {"uv": [0, 5.5, 8, 7.5], "texture": "#1"},
				"east": {"uv": [0, 2, 8, 4], "texture": "#1"},
				"south": {"uv": [0, 0, 8, 2], "texture": "#1"},
				"west": {"uv": [0, 4, 8, 6], "texture": "#1"},
				"up": {"uv": [0, 0, 8, 8], "texture": "#1"},
				"down": {"uv": [0, 8, 8, 16], "texture": "#1"}
			}
		},
		{
			"from": [5, 10.4, 2.6],
			"to": [11, 12.4, 8.6],
			"rotation": {"angle": 22.5, "axis": "x", "origin": [0, 0, 0]},
			"faces": {
				"north": {"uv": [2, 2.5, 8, 4.5], "texture": "#1"},
				"east": {"uv": [1, 6, 7, 8], "texture": "#1"},
				"south": {"uv": [0, 0, 6, 2], "texture": "#1"},
				"west": {"uv": [2, 6, 8, 8], "texture": "#1"},
				"up": {"uv": [0, 0, 6, 6], "texture": "#1"}
			}
		},
		{
			"from": [7, 0, 7],
			"to": [9, 3, 9],
			"faces": {
				"north": {"uv": [8.5, 5, 10.5, 8], "texture": "#1"},
				"east": {"uv": [8.5, 5, 10.5, 8], "texture": "#1"},
				"south": {"uv": [8.5, 5, 10.5, 8], "texture": "#1"},
				"west": {"uv": [8.5, 5, 10.5, 8], "texture": "#1"},
				"up": {"uv": [0, 0, 2, 2], "texture": "#missing"},
				"down": {"uv": [8.5, 4.5, 10.5, 6.5], "texture": "#1"}
			}
		},
		{
			"from": [5.75, 6.4, 3.35],
			"to": [10.25, 8.4, 7.85],
			"rotation": {"angle": 22.5, "axis": "x", "origin": [0, 0, 0]},
			"faces": {
				"north": {"uv": [11.5, 0, 16, 2], "texture": "#1"},
				"east": {"uv": [11.5, 0, 16, 2], "texture": "#1"},
				"south": {"uv": [11.5, 0, 16, 2], "texture": "#1"},
				"west": {"uv": [11.5, 0, 16, 2], "texture": "#1"}
			}
		}
	]
}