{
	"credit": "Made with Blockbench",
	"texture_size": [32, 32],
	"textures": {
		"0": "item/heart_potion",
		"1": "item/potion_overlay",
		"particle": "item/heart_potion"
	},
	"elements": [
		{
			"from": [5.5, -1.75, 6.5],
			"to": [11, 6.75, 10],
			"faces": {
				"north": {"uv": [12, 13.5, 14, 15], "texture": "#0"},
				"east": {"uv": [0.5, 7.5, 4, 16], "texture": "#0"},
				"south": {"uv": [12, 13.5, 14, 15], "texture": "#0"},
				"west": {"uv": [0.5, 7.5, 4, 16], "texture": "#0"},
				"up": {"uv": [6, 11.5, 10.5, 16], "texture": "#0"},
				"down": {"uv": [6, 11.5, 10.5, 16], "texture": "#0"}
			}
		},
		{
			"from": [5.8, -1.55, 6.75],
			"to": [10.8, 5.45, 9.75],
			"faces": {
				"north": {"uv": [12, 10, 16, 16], "texture": "#1", "tintindex": 0},
				"east": {"uv": [12.5, 10, 15.5, 16], "texture": "#1", "tintindex": 0},
				"south": {"uv": [12, 10, 16, 16], "texture": "#1", "tintindex": 0},
				"west": {"uv": [12.5, 10, 15.5, 16], "texture": "#1", "tintindex": 0},
				"up": {"uv": [12, 5.5, 16, 9.5], "texture": "#1", "tintindex": 0},
				"down": {"uv": [12, 5.5, 16, 9.5], "texture": "#1", "tintindex": 0}
			}
		},
		{
			"from": [7, 6.75, 7],
			"to": [9.5, 8.25, 9.5],
			"rotation": {"angle": 0, "axis": "y", "origin": [0, -2, 0]},
			"faces": {
				"north": {"uv": [1, 4.5, 3.5, 7.5], "texture": "#0"},
				"east": {"uv": [1, 4.5, 3.5, 7.5], "texture": "#0"},
				"south": {"uv": [1, 4.5, 3.5, 7.5], "texture": "#0"},
				"west": {"uv": [1, 4.5, 3.5, 6], "texture": "#0"},
				"up": {"uv": [6, 11.5, 10.5, 16], "texture": "#0"},
				"down": {"uv": [6, 11.5, 10.5, 16], "texture": "#0"}
			}
		},
		{
			"from": [6.5, 8.25, 6.5],
			"to": [10, 9.25, 10],
			"rotation": {"angle": 0, "axis": "y", "origin": [0, -3.5, 0]},
			"faces": {
				"north": {"uv": [0.5, 3.5, 4, 4.5], "texture": "#0"},
				"east": {"uv": [0.5, 3.5, 4, 4.5], "texture": "#0"},
				"south": {"uv": [0.5, 3.5, 4, 4.5], "texture": "#0"},
				"west": {"uv": [0.5, 3.5, 4, 4.5], "texture": "#0"},
				"up": {"uv": [4.5, 1, 8, 4.5], "texture": "#0"},
				"down": {"uv": [4.5, 1, 8, 4.5], "texture": "#0"}
			}
		},
		{
			"from": [7, 9.25, 7],
			"to": [9.5, 9.75, 9.25],
			"rotation": {"angle": 0, "axis": "y", "origin": [0, -1.5, 0]},
			"faces": {
				"north": {"uv": [1, 3, 3.5, 3.5], "texture": "#0"},
				"east": {"uv": [1, 3, 3.5, 3.5], "texture": "#0"},
				"south": {"uv": [1, 3, 3.5, 3.5], "texture": "#0"},
				"west": {"uv": [1, 3, 3.5, 3.5], "texture": "#0"},
				"up": {"uv": [1, 0, 3.5, 2.5], "texture": "#0"},
				"down": {"uv": [4.5, 1, 8, 4.5], "texture": "#0"}
			}
		},
		{
			"from": [7.75, 5, 7],
			"to": [7.75, 12, 14],
			"rotation": {"angle": 45, "axis": "y", "origin": [8, -3.5, 8]},
			"faces": {
				"east": {"uv": [16, 0, 9.625, 6], "texture": "#0"},
				"west": {"uv": [9.625, 0, 16, 6], "texture": "#0"}
			}
		},
		{
			"from": [5.5, -1.75, 10],
			"to": [11, 0.75, 10.5],
			"faces": {
				"north": {"uv": [0, 13, 4.5, 16], "texture": "#0"},
				"east": {"uv": [0, 13, 0.5, 16], "texture": "#0"},
				"south": {"uv": [0, 13, 4.5, 16], "texture": "#0"},
				"west": {"uv": [0, 13, 0.5, 16], "texture": "#0"},
				"up": {"uv": [6, 15.5, 10.5, 16], "texture": "#0"},
				"down": {"uv": [6, 15.5, 10.5, 16], "texture": "#0"}
			}
		},
		{
			"from": [6, 0.25, 10],
			"to": [10.5, 8.75, 13.5],
			"faces": {
				"north": {"uv": [12, 11.5, 14.5, 16], "texture": "#0"},
				"east": {"uv": [4, 7.5, 0.5, 16], "texture": "#0"},
				"south": {"uv": [12, 11.5, 14.5, 16], "texture": "#0"},
				"west": {"uv": [0.5, 7.5, 4, 16], "texture": "#0"},
				"up": {"uv": [6, 11.5, 10.5, 16], "texture": "#0"},
				"down": {"uv": [6, 11.5, 10.5, 16], "texture": "#0"}
			}
		},
		{
			"from": [6.3, 0.45, 9.75],
			"to": [10.3, 6.45, 13.75],
			"faces": {
				"north": {"uv": [12, 10, 16, 16], "texture": "#1", "tintindex": 0},
				"east": {"uv": [12, 10, 16, 16], "texture": "#1", "tintindex": 0},
				"south": {"uv": [12, 10, 16, 16], "texture": "#1", "tintindex": 0},
				"west": {"uv": [12, 10, 16, 16], "texture": "#1", "tintindex": 0},
				"up": {"uv": [12, 5.5, 16, 9.5], "texture": "#1", "tintindex": 0},
				"down": {"uv": [12, 5.5, 16, 9.5], "texture": "#1", "tintindex": 0}
			}
		},
		{
			"from": [6, 0.25, 13.5],
			"to": [10.5, 2.75, 14],
			"faces": {
				"north": {"uv": [0, 13, 4.5, 16], "texture": "#0"},
				"east": {"uv": [0, 13, 0.5, 16], "texture": "#0"},
				"south": {"uv": [0, 13, 4.5, 16], "texture": "#0"},
				"west": {"uv": [0, 13, 0.5, 16], "texture": "#0"},
				"up": {"uv": [6, 15.5, 10.5, 16], "texture": "#0"},
				"down": {"uv": [6, 15.5, 10.5, 16], "texture": "#0"}
			}
		},
		{
			"from": [6.8, 2.2, 13.25],
			"to": [9.8, 7.2, 14.25],
			"faces": {
				"north": {"uv": [12, 10, 16, 16], "texture": "#1", "tintindex": 0},
				"east": {"uv": [15, 10, 16, 16], "texture": "#1", "tintindex": 0},
				"south": {"uv": [12, 10, 16, 16], "texture": "#1", "tintindex": 0},
				"west": {"uv": [15, 10, 16, 16], "texture": "#1", "tintindex": 0},
				"up": {"uv": [12, 5.5, 16, 9.5], "texture": "#1", "tintindex": 0},
				"down": {"uv": [12, 5.5, 16, 9.5], "texture": "#1", "tintindex": 0}
			}
		},
		{
			"from": [6.5, 2.25, 13.5],
			"to": [10, 9.75, 14.5],
			"faces": {
				"north": {"uv": [12, 13, 16, 15.5], "rotation": 180, "texture": "#0"},
				"east": {"uv": [4.5, 7.5, 3.5, 16], "texture": "#0"},
				"south": {"uv": [0, 7.5, 4.5, 16], "texture": "#0"},
				"west": {"uv": [3.5, 7.5, 4.5, 16], "texture": "#0"},
				"up": {"uv": [10.5, 11.5, 6, 12.5], "rotation": 180, "texture": "#0"},
				"down": {"uv": [6, 11.5, 10.5, 12.5], "texture": "#0"}
			}
		},
		{
			"from": [6.5, 8.75, 13.5],
			"to": [10, 9.75, 13.5],
			"rotation": {"angle": 0, "axis": "y", "origin": [8.25, 9.5, 14.5]},
			"faces": {
				"north": {"uv": [0, 7.5, 4.5, 8.5], "texture": "#0"},
				"east": {"uv": [16, 14, 12, 16], "texture": "#0"},
				"south": {"uv": [4.5, 8.5, 0, 7.5], "rotation": 180, "texture": "#0"},
				"west": {"uv": [12, 14, 16, 16], "texture": "#0"},
				"up": {"uv": [16, 16, 16, 15], "texture": "#0"},
				"down": {"uv": [16, 16, 16, 12], "rotation": 180, "texture": "#0"}
			}
		},
		{
			"from": [6, 8.25, 13.5],
			"to": [10.5, 8.75, 13.5],
			"rotation": {"angle": 0, "axis": "y", "origin": [8.25, 9.5, 14.5]},
			"faces": {
				"north": {"uv": [0, 7.5, 4.5, 8], "texture": "#0"},
				"east": {"uv": [16, 14, 12, 16], "texture": "#0"},
				"south": {"uv": [4.5, 8, 0, 7.5], "rotation": 180, "texture": "#0"},
				"west": {"uv": [12, 14, 16, 16], "texture": "#0"},
				"up": {"uv": [16, 16, 16, 15], "texture": "#0"},
				"down": {"uv": [16, 16, 16, 12], "rotation": 180, "texture": "#0"}
			}
		}
	],
	"gui_light": "front",
	"display": {
		"thirdperson_righthand": {
			"translation": [-0.25, 1, 0.25],
			"scale": [0.5, 0.5, 0.5]
		},
		"thirdperson_lefthand": {
			"translation": [0.25, 1, 0.25],
			"scale": [0.5, 0.5, 0.5]
		},
		"firstperson_righthand": {
			"rotation": [0, 21, 5],
			"translation": [-0.5, 4, 0],
			"scale": [0.5, 0.5, 0.5]
		},
		"firstperson_lefthand": {
			"rotation": [0, 21, 5],
			"translation": [-0.5, 4, 0],
			"scale": [0.5, 0.5, 0.5]
		},
		"gui": {
			"rotation": [12, 52, 3],
			"translation": [-0.25, 1.5, 0]
		},
		"head": {
			"translation": [0, -14.25, 3.25]
		}
	},
	"groups": [
		0,
		1,
		2,
		3,
		4,
		5,
		{
			"name": "side1",
			"origin": [8, 8, 8],
			"color": 0,
			"children": [6, 7, 8, 9, 10, 11, 12, 13]
		}
	]
}