{
	"credit": "Made with Blockbench",
	"textures": {
		"0": "item/netherite_sword",
		"particle": "item/netherite_sword"
	},
	"elements": [
		{
			"name": "netherite_sword_0",
			"from": [7.875, 10.625, 8],
			"to": [8, 11, 8.125],
			"faces": {
				"north": {"uv": [6.5, 5, 6.375, 5.375], "texture": "#0"},
				"east": {"uv": [6.375, 5, 6.5, 5.375], "texture": "#0"},
				"south": {"uv": [6.375, 5, 6.5, 5.375], "texture": "#0"},
				"west": {"uv": [6.375, 5, 6.5, 5.375], "texture": "#0"},
				"up": {"uv": [6.375, 5, 6.5, 5.125], "texture": "#0"},
				"down": {"uv": [6.375, 5.25, 6.5, 5.375], "texture": "#0"}
			}
		},
		{
			"name": "netherite_sword_1",
			"from": [7.75, 10.25, 8],
			"to": [7.875, 10.625, 8.125],
			"faces": {
				"north": {"uv": [6.375, 5.375, 6.25, 5.75], "texture": "#0"},
				"east": {"uv": [6.25, 5.375, 6.375, 5.75], "texture": "#0"},
				"south": {"uv": [6.25, 5.375, 6.375, 5.75], "texture": "#0"},
				"west": {"uv": [6.25, 5.375, 6.375, 5.75], "texture": "#0"},
				"up": {"uv": [6.25, 5.375, 6.375, 5.5], "texture": "#0"},
				"down": {"uv": [6.25, 5.625, 6.375, 5.75], "texture": "#0"}
			}
		},
		{
			"name": "netherite_sword_2",
			"from": [8, 10.25, 8],
			"to": [8.125, 10.625, 8.125],
			"faces": {
				"north": {"uv": [6.625, 5.375, 6.5, 5.75], "texture": "#0"},
				"east": {"uv": [6.5, 5.375, 6.625, 5.75], "texture": "#0"},
				"south": {"uv": [6.5, 5.375, 6.625, 5.75], "texture": "#0"},
				"west": {"uv": [6.5, 5.375, 6.625, 5.75], "texture": "#0"},
				"up": {"uv": [6.5, 5.375, 6.625, 5.5], "texture": "#0"},
				"down": {"uv": [6.5, 5.625, 6.625, 5.75], "texture": "#0"}
			}
		},
		{
			"name": "netherite_sword_3",
			"from": [7.875, 6.375, 7.95],
			"to": [8, 10.625, 8.175],
			"faces": {
				"north": {"uv": [8, 5.375, 7.875, 9.625], "texture": "#0"},
				"east": {"uv": [7.875, 5.375, 8, 9.625], "texture": "#0"},
				"south": {"uv": [7.875, 5.375, 8, 9.625], "texture": "#0"},
				"west": {"uv": [7.875, 5.375, 8, 9.625], "texture": "#0"},
				"up": {"uv": [7.875, 5.375, 8, 5.5], "texture": "#0"},
				"down": {"uv": [7.875, 9.5, 8, 9.625], "texture": "#0"}
			}
		},
		{
			"name": "netherite_sword_4",
			"from": [7.625, 5.5, 8],
			"to": [7.75, 10.25, 8.125],
			"faces": {
				"north": {"uv": [6.25, 5.75, 6.125, 10.5], "texture": "#0"},
				"east": {"uv": [6.125, 5.75, 6.25, 10.5], "texture": "#0"},
				"south": {"uv": [6.125, 5.75, 6.25, 10.5], "texture": "#0"},
				"west": {"uv": [6.125, 5.75, 6.25, 10.5], "texture": "#0"},
				"up": {"uv": [6.125, 5.75, 6.25, 5.875], "texture": "#0"},
				"down": {"uv": [6.125, 10.375, 6.25, 10.5], "texture": "#0"}
			}
		},
		{
			"name": "netherite_sword_5",
			"from": [8.125, 5.5, 8],
			"to": [8.25, 10.25, 8.125],
			"faces": {
				"north": {"uv": [6.75, 5.75, 6.625, 10.5], "texture": "#0"},
				"east": {"uv": [6.625, 5.75, 6.75, 10.5], "texture": "#0"},
				"south": {"uv": [6.625, 5.75, 6.75, 10.5], "texture": "#0"},
				"west": {"uv": [6.625, 5.75, 6.75, 10.5], "texture": "#0"},
				"up": {"uv": [6.625, 5.75, 6.75, 5.875], "texture": "#0"},
				"down": {"uv": [6.625, 10.375, 6.75, 10.5], "texture": "#0"}
			}
		},
		{
			"name": "netherite_sword_6",
			"from": [7.75, 5.5, 7.95],
			"to": [7.875, 10.25, 8.175],
			"faces": {
				"north": {"uv": [7.875, 5.75, 7.75, 10.5], "texture": "#0"},
				"east": {"uv": [7.75, 5.75, 7.875, 10.5], "texture": "#0"},
				"south": {"uv": [7.75, 5.75, 7.875, 10.5], "texture": "#0"},
				"west": {"uv": [7.75, 5.75, 7.875, 10.5], "texture": "#0"},
				"up": {"uv": [7.75, 5.75, 7.875, 5.875], "texture": "#0"},
				"down": {"uv": [7.75, 10.375, 7.875, 10.5], "texture": "#0"}
			}
		},
		{
			"name": "netherite_sword_7",
			"from": [8, 5.5, 7.95],
			"to": [8.125, 10.25, 8.175],
			"faces": {
				"north": {"uv": [8.125, 5.75, 8, 10.5], "texture": "#0"},
				"east": {"uv": [8, 5.75, 8.125, 10.5], "texture": "#0"},
				"south": {"uv": [8, 5.75, 8.125, 10.5], "texture": "#0"},
				"west": {"uv": [8, 5.75, 8.125, 10.5], "texture": "#0"},
				"up": {"uv": [8, 5.75, 8.125, 5.875], "texture": "#0"},
				"down": {"uv": [8, 10.375, 8.125, 10.5], "texture": "#0"}
			}
		},
		{
			"name": "netherite_sword_8",
			"from": [7.875, 4.75, 7.9],
			"to": [8, 6.375, 8.225],
			"faces": {
				"north": {"uv": [10.25, 9.375, 10.125, 11], "texture": "#0"},
				"east": {"uv": [10.125, 9.375, 10.25, 11], "texture": "#0"},
				"south": {"uv": [10.125, 9.375, 10.25, 11], "texture": "#0"},
				"west": {"uv": [10.125, 9.375, 10.25, 11], "texture": "#0"},
				"up": {"uv": [10.125, 9.375, 10.25, 9.5], "texture": "#0"},
				"down": {"uv": [10.125, 10.875, 10.25, 11], "texture": "#0"}
			}
		},
		{
			"name": "netherite_sword_9",
			"from": [7.75, 4.75, 7.9],
			"to": [7.875, 5.5, 8.225],
			"faces": {
				"north": {"uv": [10.125, 10.25, 10, 11], "texture": "#0"},
				"east": {"uv": [10, 10.25, 10.125, 11], "texture": "#0"},
				"south": {"uv": [10, 10.25, 10.125, 11], "texture": "#0"},
				"west": {"uv": [10, 10.25, 10.125, 11], "texture": "#0"},
				"up": {"uv": [10, 10.25, 10.125, 10.375], "texture": "#0"},
				"down": {"uv": [10, 10.875, 10.125, 11], "texture": "#0"}
			}
		},
		{
			"name": "netherite_sword_10",
			"from": [8, 4.75, 7.9],
			"to": [8.125, 5.5, 8.225],
			"faces": {
				"north": {"uv": [10.375, 10.25, 10.25, 11], "texture": "#0"},
				"east": {"uv": [10.25, 10.25, 10.375, 11], "texture": "#0"},
				"south": {"uv": [10.25, 10.25, 10.375, 11], "texture": "#0"},
				"west": {"uv": [10.25, 10.25, 10.375, 11], "texture": "#0"},
				"up": {"uv": [10.25, 10.25, 10.375, 10.375], "texture": "#0"},
				"down": {"uv": [10.25, 10.875, 10.375, 11], "texture": "#0"}
			}
		},
		{
			"name": "netherite_sword_11",
			"from": [7.5, 5.375, 8],
			"to": [7.625, 5.5, 8.125],
			"faces": {
				"north": {"uv": [6.125, 10.5, 6, 10.625], "texture": "#0"},
				"east": {"uv": [6, 10.5, 6.125, 10.625], "texture": "#0"},
				"south": {"uv": [6, 10.5, 6.125, 10.625], "texture": "#0"},
				"west": {"uv": [6, 10.5, 6.125, 10.625], "texture": "#0"},
				"up": {"uv": [6, 10.5, 6.125, 10.625], "texture": "#0"},
				"down": {"uv": [6, 10.5, 6.125, 10.625], "texture": "#0"}
			}
		},
		{
			"name": "netherite_sword_12",
			"from": [8.25, 5.375, 8],
			"to": [8.375, 5.5, 8.125],
			"faces": {
				"north": {"uv": [6.875, 10.5, 6.75, 10.625], "texture": "#0"},
				"east": {"uv": [6.75, 10.5, 6.875, 10.625], "texture": "#0"},
				"south": {"uv": [6.75, 10.5, 6.875, 10.625], "texture": "#0"},
				"west": {"uv": [6.75, 10.5, 6.875, 10.625], "texture": "#0"},
				"up": {"uv": [6.75, 10.5, 6.875, 10.625], "texture": "#0"},
				"down": {"uv": [6.75, 10.5, 6.875, 10.625], "texture": "#0"}
			}
		},
		{
			"name": "netherite_sword_13",
			"from": [7.625, 5.125, 7.95],
			"to": [7.75, 5.5, 8.175],
			"faces": {
				"north": {"uv": [7.75, 10.5, 7.625, 10.875], "texture": "#0"},
				"east": {"uv": [7.625, 10.5, 7.75, 10.875], "texture": "#0"},
				"south": {"uv": [7.625, 10.5, 7.75, 10.875], "texture": "#0"},
				"west": {"uv": [7.625, 10.5, 7.75, 10.875], "texture": "#0"},
				"up": {"uv": [7.625, 10.5, 7.75, 10.625], "texture": "#0"},
				"down": {"uv": [7.625, 10.75, 7.75, 10.875], "texture": "#0"}
			}
		},
		{
			"name": "netherite_sword_14",
			"from": [8.125, 5.125, 7.95],
			"to": [8.25, 5.5, 8.175],
			"faces": {
				"north": {"uv": [8.25, 10.5, 8.125, 10.875], "texture": "#0"},
				"east": {"uv": [8.125, 10.5, 8.25, 10.875], "texture": "#0"},
				"south": {"uv": [8.125, 10.5, 8.25, 10.875], "texture": "#0"},
				"west": {"uv": [8.125, 10.5, 8.25, 10.875], "texture": "#0"},
				"up": {"uv": [8.125, 10.5, 8.25, 10.625], "texture": "#0"},
				"down": {"uv": [8.125, 10.75, 8.25, 10.875], "texture": "#0"}
			}
		},
		{
			"name": "netherite_sword_15",
			"from": [7.375, 5.25, 8],
			"to": [7.5, 5.375, 8.125],
			"faces": {
				"north": {"uv": [6, 10.625, 5.875, 10.75], "texture": "#0"},
				"east": {"uv": [5.875, 10.625, 6, 10.75], "texture": "#0"},
				"south": {"uv": [5.875, 10.625, 6, 10.75], "texture": "#0"},
				"west": {"uv": [5.875, 10.625, 6, 10.75], "texture": "#0"},
				"up": {"uv": [5.875, 10.625, 6, 10.75], "texture": "#0"},
				"down": {"uv": [5.875, 10.625, 6, 10.75], "texture": "#0"}
			}
		},
		{
			"name": "netherite_sword_16",
			"from": [8.375, 5.25, 8],
			"to": [8.5, 5.375, 8.125],
			"faces": {
				"north": {"uv": [7, 10.625, 6.875, 10.75], "texture": "#0"},
				"east": {"uv": [6.875, 10.625, 7, 10.75], "texture": "#0"},
				"south": {"uv": [6.875, 10.625, 7, 10.75], "texture": "#0"},
				"west": {"uv": [6.875, 10.625, 7, 10.75], "texture": "#0"},
				"up": {"uv": [6.875, 10.625, 7, 10.75], "texture": "#0"},
				"down": {"uv": [6.875, 10.625, 7, 10.75], "texture": "#0"}
			}
		},
		{
			"name": "netherite_sword_17",
			"from": [7.5, 5.125, 7.95],
			"to": [7.625, 5.375, 8.175],
			"faces": {
				"north": {"uv": [7.625, 10.625, 7.5, 10.875], "texture": "#0"},
				"east": {"uv": [7.5, 10.625, 7.625, 10.875], "texture": "#0"},
				"south": {"uv": [7.5, 10.625, 7.625, 10.875], "texture": "#0"},
				"west": {"uv": [7.5, 10.625, 7.625, 10.875], "texture": "#0"},
				"up": {"uv": [7.5, 10.625, 7.625, 10.75], "texture": "#0"},
				"down": {"uv": [7.5, 10.75, 7.625, 10.875], "texture": "#0"}
			}
		},
		{
			"name": "netherite_sword_18",
			"from": [8.25, 5.125, 7.95],
			"to": [8.375, 5.375, 8.175],
			"faces": {
				"north": {"uv": [8.375, 10.625, 8.25, 10.875], "texture": "#0"},
				"east": {"uv": [8.25, 10.625, 8.375, 10.875], "texture": "#0"},
				"south": {"uv": [8.25, 10.625, 8.375, 10.875], "texture": "#0"},
				"west": {"uv": [8.25, 10.625, 8.375, 10.875], "texture": "#0"},
				"up": {"uv": [8.25, 10.625, 8.375, 10.75], "texture": "#0"},
				"down": {"uv": [8.25, 10.75, 8.375, 10.875], "texture": "#0"}
			}
		},
		{
			"name": "netherite_sword_19",
			"from": [7.625, 5, 8],
			"to": [7.75, 5.125, 8.125],
			"faces": {
				"north": {"uv": [6.25, 10.875, 6.125, 11], "texture": "#0"},
				"east": {"uv": [6.125, 10.875, 6.25, 11], "texture": "#0"},
				"south": {"uv": [6.125, 10.875, 6.25, 11], "texture": "#0"},
				"west": {"uv": [6.125, 10.875, 6.25, 11], "texture": "#0"},
				"up": {"uv": [6.125, 10.875, 6.25, 11], "texture": "#0"},
				"down": {"uv": [6.125, 10.875, 6.25, 11], "texture": "#0"}
			}
		},
		{
			"name": "netherite_sword_20",
			"from": [8.125, 5, 8],
			"to": [8.25, 5.125, 8.125],
			"faces": {
				"north": {"uv": [6.75, 10.875, 6.625, 11], "texture": "#0"},
				"east": {"uv": [6.625, 10.875, 6.75, 11], "texture": "#0"},
				"south": {"uv": [6.625, 10.875, 6.75, 11], "texture": "#0"},
				"west": {"uv": [6.625, 10.875, 6.75, 11], "texture": "#0"},
				"up": {"uv": [6.625, 10.875, 6.75, 11], "texture": "#0"},
				"down": {"uv": [6.625, 10.875, 6.75, 11], "texture": "#0"}
			}
		},
		{
			"name": "netherite_sword_21",
			"from": [7.5, 4.875, 8],
			"to": [7.625, 5, 8.125],
			"faces": {
				"north": {"uv": [6.125, 11, 6, 11.125], "texture": "#0"},
				"east": {"uv": [6, 11, 6.125, 11.125], "texture": "#0"},
				"south": {"uv": [6, 11, 6.125, 11.125], "texture": "#0"},
				"west": {"uv": [6, 11, 6.125, 11.125], "texture": "#0"},
				"up": {"uv": [6, 11, 6.125, 11.125], "texture": "#0"},
				"down": {"uv": [6, 11, 6.125, 11.125], "texture": "#0"}
			}
		},
		{
			"name": "netherite_sword_22",
			"from": [8.25, 4.875, 8],
			"to": [8.375, 5, 8.125],
			"faces": {
				"north": {"uv": [6.875, 11, 6.75, 11.125], "texture": "#0"},
				"east": {"uv": [6.75, 11, 6.875, 11.125], "texture": "#0"},
				"south": {"uv": [6.75, 11, 6.875, 11.125], "texture": "#0"},
				"west": {"uv": [6.75, 11, 6.875, 11.125], "texture": "#0"},
				"up": {"uv": [6.75, 11, 6.875, 11.125], "texture": "#0"},
				"down": {"uv": [6.75, 11, 6.875, 11.125], "texture": "#0"}
			}
		},
		{
			"name": "netherite_sword_23",
			"from": [7.625, 4.75, 7.95],
			"to": [7.75, 5, 8.175],
			"faces": {
				"north": {"uv": [7.75, 11, 7.625, 11.25], "texture": "#0"},
				"east": {"uv": [7.625, 11, 7.75, 11.25], "texture": "#0"},
				"south": {"uv": [7.625, 11, 7.75, 11.25], "texture": "#0"},
				"west": {"uv": [7.625, 11, 7.75, 11.25], "texture": "#0"},
				"up": {"uv": [7.625, 11, 7.75, 11.125], "texture": "#0"},
				"down": {"uv": [7.625, 11.125, 7.75, 11.25], "texture": "#0"}
			}
		},
		{
			"name": "netherite_sword_24",
			"from": [8.125, 4.75, 7.95],
			"to": [8.25, 5, 8.175],
			"faces": {
				"north": {"uv": [8.25, 11, 8.125, 11.25], "texture": "#0"},
				"east": {"uv": [8.125, 11, 8.25, 11.25], "texture": "#0"},
				"south": {"uv": [8.125, 11, 8.25, 11.25], "texture": "#0"},
				"west": {"uv": [8.125, 11, 8.25, 11.25], "texture": "#0"},
				"up": {"uv": [8.125, 11, 8.25, 11.125], "texture": "#0"},
				"down": {"uv": [8.125, 11.125, 8.25, 11.25], "texture": "#0"}
			}
		},
		{
			"name": "netherite_sword_25",
			"from": [7.125, 4.625, 7.9],
			"to": [7.375, 5, 8.225],
			"faces": {
				"north": {"uv": [9.625, 11, 9.375, 11.375], "texture": "#0"},
				"east": {"uv": [9.5, 11, 9.625, 11.375], "texture": "#0"},
				"south": {"uv": [9.375, 11, 9.625, 11.375], "texture": "#0"},
				"west": {"uv": [9.375, 11, 9.5, 11.375], "texture": "#0"},
				"up": {"uv": [9.375, 11, 9.625, 11.125], "texture": "#0"},
				"down": {"uv": [9.375, 11.25, 9.625, 11.375], "texture": "#0"}
			}
		},
		{
			"name": "netherite_sword_26",
			"from": [8.5, 4.625, 7.9],
			"to": [8.75, 5, 8.225],
			"faces": {
				"north": {"uv": [11, 11, 10.75, 11.375], "texture": "#0"},
				"east": {"uv": [10.875, 11, 11, 11.375], "texture": "#0"},
				"south": {"uv": [10.75, 11, 11, 11.375], "texture": "#0"},
				"west": {"uv": [10.75, 11, 10.875, 11.375], "texture": "#0"},
				"up": {"uv": [10.75, 11, 11, 11.125], "texture": "#0"},
				"down": {"uv": [10.75, 11.25, 11, 11.375], "texture": "#0"}
			}
		},
		{
			"name": "netherite_sword_27",
			"from": [7, 4.5, 7.9],
			"to": [7.125, 4.875, 8.225],
			"faces": {
				"north": {"uv": [9.375, 11.125, 9.25, 11.5], "texture": "#0"},
				"east": {"uv": [9.25, 11.125, 9.375, 11.5], "texture": "#0"},
				"south": {"uv": [9.25, 11.125, 9.375, 11.5], "texture": "#0"},
				"west": {"uv": [9.25, 11.125, 9.375, 11.5], "texture": "#0"},
				"up": {"uv": [9.25, 11.125, 9.375, 11.25], "texture": "#0"},
				"down": {"uv": [9.25, 11.375, 9.375, 11.5], "texture": "#0"}
			}
		},
		{
			"name": "netherite_sword_28",
			"from": [7.375, 4.5, 7.9],
			"to": [7.625, 4.875, 8.225],
			"faces": {
				"north": {"uv": [9.875, 11.125, 9.625, 11.5], "texture": "#0"},
				"east": {"uv": [9.75, 11.125, 9.875, 11.5], "texture": "#0"},
				"south": {"uv": [9.625, 11.125, 9.875, 11.5], "texture": "#0"},
				"west": {"uv": [9.625, 11.125, 9.75, 11.5], "texture": "#0"},
				"up": {"uv": [9.625, 11.125, 9.875, 11.25], "texture": "#0"},
				"down": {"uv": [9.625, 11.375, 9.875, 11.5], "texture": "#0"}
			}
		},
		{
			"name": "netherite_sword_29",
			"from": [8.25, 4.5, 7.9],
			"to": [8.5, 4.875, 8.225],
			"faces": {
				"north": {"uv": [10.75, 11.125, 10.5, 11.5], "texture": "#0"},
				"east": {"uv": [10.625, 11.125, 10.75, 11.5], "texture": "#0"},
				"south": {"uv": [10.5, 11.125, 10.75, 11.5], "texture": "#0"},
				"west": {"uv": [10.5, 11.125, 10.625, 11.5], "texture": "#0"},
				"up": {"uv": [10.5, 11.125, 10.75, 11.25], "texture": "#0"},
				"down": {"uv": [10.5, 11.375, 10.75, 11.5], "texture": "#0"}
			}
		},
		{
			"name": "netherite_sword_30",
			"from": [8.75, 4.5, 7.9],
			"to": [8.875, 4.875, 8.225],
			"faces": {
				"north": {"uv": [11.125, 11.125, 11, 11.5], "texture": "#0"},
				"east": {"uv": [11, 11.125, 11.125, 11.5], "texture": "#0"},
				"south": {"uv": [11, 11.125, 11.125, 11.5], "texture": "#0"},
				"west": {"uv": [11, 11.125, 11.125, 11.5], "texture": "#0"},
				"up": {"uv": [11, 11.125, 11.125, 11.25], "texture": "#0"},
				"down": {"uv": [11, 11.375, 11.125, 11.5], "texture": "#0"}
			}
		},
		{
			"name": "netherite_sword_31",
			"from": [6.875, 4.5, 7.9],
			"to": [7, 4.75, 8.225],
			"faces": {
				"north": {"uv": [9.25, 11.25, 9.125, 11.5], "texture": "#0"},
				"east": {"uv": [9.125, 11.25, 9.25, 11.5], "texture": "#0"},
				"south": {"uv": [9.125, 11.25, 9.25, 11.5], "texture": "#0"},
				"west": {"uv": [9.125, 11.25, 9.25, 11.5], "texture": "#0"},
				"up": {"uv": [9.125, 11.25, 9.25, 11.375], "texture": "#0"},
				"down": {"uv": [9.125, 11.375, 9.25, 11.5], "texture": "#0"}
			}
		},
		{
			"name": "netherite_sword_32",
			"from": [7.625, 4.375, 7.9],
			"to": [8.25, 4.75, 8.225],
			"faces": {
				"north": {"uv": [10.5, 11.25, 9.875, 11.625], "texture": "#0"},
				"east": {"uv": [10.375, 11.25, 10.5, 11.625], "texture": "#0"},
				"south": {"uv": [9.875, 11.25, 10.5, 11.625], "texture": "#0"},
				"west": {"uv": [9.875, 11.25, 10, 11.625], "texture": "#0"},
				"up": {"uv": [9.875, 11.25, 10.5, 11.375], "texture": "#0"},
				"down": {"uv": [9.875, 11.5, 10.5, 11.625], "texture": "#0"}
			}
		},
		{
			"name": "netherite_sword_33",
			"from": [8.875, 4.5, 7.9],
			"to": [9, 4.75, 8.225],
			"faces": {
				"north": {"uv": [11.25, 11.25, 11.125, 11.5], "texture": "#0"},
				"east": {"uv": [11.125, 11.25, 11.25, 11.5], "texture": "#0"},
				"south": {"uv": [11.125, 11.25, 11.25, 11.5], "texture": "#0"},
				"west": {"uv": [11.125, 11.25, 11.25, 11.5], "texture": "#0"},
				"up": {"uv": [11.125, 11.25, 11.25, 11.375], "texture": "#0"},
				"down": {"uv": [11.125, 11.375, 11.25, 11.5], "texture": "#0"}
			}
		},
		{
			"name": "netherite_sword_34",
			"from": [7.75, 2.375, 7.9],
			"to": [8.125, 4.375, 8.225],
			"faces": {
				"north": {"uv": [8.125, 11.625, 7.75, 13.625], "texture": "#0"},
				"east": {"uv": [8, 11.625, 8.125, 13.625], "texture": "#0"},
				"south": {"uv": [7.75, 11.625, 8.125, 13.625], "texture": "#0"},
				"west": {"uv": [7.75, 11.625, 7.875, 13.625], "texture": "#0"},
				"up": {"uv": [7.75, 11.625, 8.125, 11.75], "texture": "#0"},
				"down": {"uv": [7.75, 13.5, 8.125, 13.625], "texture": "#0"}
			}
		},
		{
			"name": "netherite_sword_35",
			"from": [7.625, 2, 7.85],
			"to": [8.25, 2.375, 8.275],
			"faces": {
				"north": {"uv": [8.25, 13.875, 7.625, 14.25], "texture": "#0"},
				"east": {"uv": [8.125, 13.875, 8.25, 14.25], "texture": "#0"},
				"south": {"uv": [7.625, 13.875, 8.25, 14.25], "texture": "#0"},
				"west": {"uv": [7.625, 13.875, 7.75, 14.25], "texture": "#0"},
				"up": {"uv": [7.625, 13.875, 8.25, 14], "texture": "#0"},
				"down": {"uv": [7.625, 14.125, 8.25, 14.25], "texture": "#0"}
			}
		},
		{
			"name": "netherite_sword_36",
			"from": [7.75, 1.875, 7.9],
			"to": [8.125, 2, 8.225],
			"faces": {
				"north": {"uv": [8.125, 14.25, 7.75, 14.375], "texture": "#0"},
				"east": {"uv": [8, 14.25, 8.125, 14.375], "texture": "#0"},
				"south": {"uv": [7.75, 14.25, 8.125, 14.375], "texture": "#0"},
				"west": {"uv": [7.75, 14.25, 7.875, 14.375], "texture": "#0"},
				"up": {"uv": [7.75, 14.25, 8.125, 14.375], "texture": "#0"},
				"down": {"uv": [7.75, 14.25, 8.125, 14.375], "texture": "#0"}
			}
		}
	],
	"gui_light": "front",
	"display": {
		"thirdperson_righthand": {
			"rotation": [0, 90, 0],
			"translation": [-0.5, 11.25, 1],
			"scale": [3, 3, 2.5]
		},
		"thirdperson_lefthand": {
			"rotation": [0, 90, 0],
			"translation": [-0.5, 11.25, 1],
			"scale": [3, 3, 2.5]
		},
		"firstperson_righthand": {
			"rotation": [6, 95, 0],
			"translation": [0, 10.25, 3.5],
			"scale": [2.3, 2.3, 2]
		},
		"firstperson_lefthand": {
			"rotation": [6, -80, 0],
			"translation": [1.5, 11, 2.75],
			"scale": [2.3, 2.3, 2]
		},
		"ground": {
			"rotation": [0, 0, -45],
			"translation": [0, 3.3956, 0],
			"scale": [2, 2, 2]
		},
		"gui": {
			"rotation": [0, 0, -45],
			"translation": [4, 3.5, 0],
			"scale": [3, 3, 1.6]
		},
		"head": {
			"rotation": [-180, 1, 45],
			"translation": [-2.75, -18.75, 4.25],
			"scale": [4, 4, 3]
		},
		"fixed": {
			"rotation": [0, 0, 45],
			"translation": [-5.5, 6, -0.75],
			"scale": [4, 4, 4]
		}
	},
	"groups": [
		{
			"name": "netherite_sword",
			"origin": [8, 8, 8],
			"color": 0,
			"children": [0, 1, 2, 3, 4, 5, 6, 7, 8, 9, 10, 11, 12, 13, 14, 15, 16, 17, 18, 19, 20, 21, 22, 23, 24, 25, 26, 27, 28, 29, 30, 31, 32, 33, 34, 35, 36]
		}
	]
}