{
	"credit": "Made with Blockbench",
	"texture_size": [32, 32],
	"textures": {
		"0": "item/potion",
		"2": "item/healing_potion_overlay",
		"particle": "item/blank"
	},
	"elements": [
		{
			"from": [6, 0.25, 6],
			"to": [10.5, 8.75, 10.5],
			"faces": {
				"north": {"uv": [0, 7.5, 4.5, 16], "texture": "#0"},
				"east": {"uv": [0, 7.5, 4.5, 16], "texture": "#0"},
				"south": {"uv": [0, 7.5, 4.5, 16], "texture": "#0"},
				"west": {"uv": [0, 7.5, 4.5, 16], "texture": "#0"},
				"up": {"uv": [6, 11.5, 10.5, 16], "texture": "#0"},
				"down": {"uv": [6, 11.5, 10.5, 16], "texture": "#0"}
			}
		},
		{
			"from": [6.3, 0.45, 6.25],
			"to": [10.3, 2.05, 10.25],
			"faces": {
				"north": {"uv": [12, 15, 16, 16], "texture": "#2", "tintindex": 0},
				"east": {"uv": [12, 15, 16, 16], "texture": "#2", "tintindex": 0},
				"south": {"uv": [12, 15, 16, 16], "texture": "#2", "tintindex": 0},
				"west": {"uv": [12, 15, 16, 16], "texture": "#2", "tintindex": 0},
				"up": {"uv": [12, 5.5, 16, 9.5], "texture": "#2", "tintindex": 0},
				"down": {"uv": [12, 5.5, 16, 9.5], "texture": "#2", "tintindex": 0}
			}
		},
		{
			"from": [7, 8.75, 7],
			"to": [9.5, 11.75, 9.5],
			"faces": {
				"north": {"uv": [1, 4.5, 3.5, 7.5], "texture": "#0"},
				"east": {"uv": [1, 4.5, 3.5, 7.5], "texture": "#0"},
				"south": {"uv": [1, 4.5, 3.5, 7.5], "texture": "#0"},
				"west": {"uv": [1, 4.5, 3.5, 7.5], "texture": "#0"},
				"up": {"uv": [6, 11.5, 10.5, 16], "texture": "#0"},
				"down": {"uv": [6, 11.5, 10.5, 16], "texture": "#0"}
			}
		},
		{
			"from": [6.5, 11.75, 6.5],
			"to": [10, 12.75, 10],
			"faces": {
				"north": {"uv": [0.5, 3.5, 4, 4.5], "texture": "#0"},
				"east": {"uv": [0.5, 3.5, 4, 4.5], "texture": "#0"},
				"south": {"uv": [0.5, 3.5, 4, 4.5], "texture": "#0"},
				"west": {"uv": [0.5, 3.5, 4, 4.5], "texture": "#0"},
				"up": {"uv": [4.5, 1, 8, 4.5], "texture": "#0"},
				"down": {"uv": [4.5, 1, 8, 4.5], "texture": "#0"}
			}
		},
		{
			"from": [7, 12.75, 7],
			"to": [9.5, 13.25, 9.25],
			"faces": {
				"north": {"uv": [1, 3, 3.5, 3.5], "texture": "#0"},
				"east": {"uv": [1, 3, 3.5, 3.5], "texture": "#0"},
				"south": {"uv": [1, 3, 3.5, 3.5], "texture": "#0"},
				"west": {"uv": [1, 3, 3.5, 3.5], "texture": "#0"},
				"up": {"uv": [1, 0, 3.5, 2.5], "texture": "#0"},
				"down": {"uv": [4.5, 1, 8, 4.5], "texture": "#0"}
			}
		}
	],
	"gui_light": "front",
	"display": {
		"thirdperson_righthand": {
			"translation": [-0.25, 1, 0.25],
			"scale": [0.5, 0.5, 0.5]
		},
		"thirdperson_lefthand": {
			"translation": [0.25, 1, 0.25],
			"scale": [0.5, 0.5, 0.5]
		},
		"firstperson_righthand": {
			"rotation": [0, 21, 5],
			"translation": [-0.5, 4, 0],
			"scale": [0.5, 0.5, 0.5]
		},
		"firstperson_lefthand": {
			"rotation": [0, 21, 5],
			"translation": [-0.5, 4, 0],
			"scale": [0.5, 0.5, 0.5]
		},
		"gui": {
			"rotation": [12, 52, 3],
			"translation": [-0.25, 1.5, 0]
		},
		"head": {
			"translation": [0, -14.25, 3.25]
		}
	}
}