{
	"credit": "Made with Blockbench",
	"ambientocclusion": false,
	"textures": {
		"0": "block/flowers/allium",
		"1": "block/flowers/allium_2",
		"particle": "block/flowers/allium"
	},
	"elements": [
		{
			"from": [6.75, 0, 7.25],
			"to": [8.75, 13, 7.25],
			"rotation": {"angle": 22.5, "axis": "y", "origin": [8, 0, 7.4]},
			"faces": {
				"north": {"uv": [7, 3, 9, 16], "texture": "#0"},
				"east": {"uv": [0, 0, 0, 13], "texture": "#missing"},
				"south": {"uv": [9, 3, 7, 16], "texture": "#0"},
				"west": {"uv": [0, 0, 0, 13], "texture": "#missing"},
				"up": {"uv": [0, 0, 2, 0], "texture": "#missing"},
				"down": {"uv": [0, 0, 2, 0], "texture": "#missing"}
			}
		},
		{
			"from": [7.8, 0, 6.25],
			"to": [7.8, 13, 8.25],
			"rotation": {"angle": 22.5, "axis": "y", "origin": [8, 0, 7.4]},
			"faces": {
				"north": {"uv": [0, 0, 0, 13], "texture": "#missing"},
				"east": {"uv": [7, 3, 9, 16], "texture": "#0"},
				"south": {"uv": [0, 0, 0, 13], "texture": "#missing"},
				"west": {"uv": [9, 3, 7, 16], "texture": "#0"},
				"up": {"uv": [0, 0, 2, 0], "rotation": 90, "texture": "#missing"},
				"down": {"uv": [0, 0, 2, 0], "rotation": 270, "texture": "#missing"}
			}
		},
		{
			"from": [7, -3.25, 6.5],
			"to": [9, 5.25, 6.5],
			"rotation": {"angle": -22.5, "axis": "x", "origin": [3, 0, 0]},
			"faces": {
				"north": {"uv": [0, 7.5, 2, 16], "texture": "#0"},
				"east": {"uv": [0, 0, 0, 7], "texture": "#missing"},
				"south": {"uv": [0, 7.5, 2, 16], "texture": "#0"},
				"west": {"uv": [0, 0, 0, 7], "texture": "#missing"},
				"up": {"uv": [0, 0, 2, 0], "texture": "#missing"},
				"down": {"uv": [0, 0, 2, 0], "texture": "#missing"}
			}
		},
		{
			"from": [7.75, 11.75, 3.5],
			"to": [7.75, 19.25, 11],
			"rotation": {"angle": 0, "axis": "y", "origin": [7.75, 11.75, 3]},
			"faces": {
				"north": {"uv": [0, 0, 2, 8], "texture": "#missing"},
				"east": {"uv": [4, 2.5, 11.5, 10], "texture": "#1"},
				"south": {"uv": [0, 0, 2, 8], "texture": "#missing"},
				"west": {"uv": [4, 2.5, 11.5, 10], "texture": "#1"},
				"up": {"uv": [0, 0, 2, 8], "texture": "#missing"},
				"down": {"uv": [0, 0, 2, 8], "texture": "#missing"}
			}
		},
		{
			"from": [4, 11.75, 7.25],
			"to": [11.5, 19.25, 7.25],
			"rotation": {"angle": 0, "axis": "y", "origin": [7.75, 11.75, 7.25]},
			"faces": {
				"north": {"uv": [4, 2.5, 11.5, 10], "texture": "#1"},
				"east": {"uv": [0, 0, 2, 8], "texture": "#missing"},
				"south": {"uv": [4, 2.5, 11.5, 10], "texture": "#1"},
				"west": {"uv": [0, 0, 2, 8], "texture": "#missing"},
				"up": {"uv": [0, 0, 2, 8], "rotation": 90, "texture": "#missing"},
				"down": {"uv": [0, 0, 2, 8], "rotation": 270, "texture": "#missing"}
			}
		},
		{
			"from": [4, 11.75, 7.25],
			"to": [11.5, 19.25, 7.25],
			"rotation": {"angle": 45, "axis": "y", "origin": [7.75, 11.75, 7.25]},
			"faces": {
				"north": {"uv": [4, 2.5, 11.5, 10], "texture": "#1"},
				"east": {"uv": [0, 0, 2, 8], "texture": "#missing"},
				"south": {"uv": [4, 2.5, 11.5, 10], "texture": "#1"},
				"west": {"uv": [0, 0, 2, 8], "texture": "#missing"},
				"up": {"uv": [0, 0, 2, 8], "rotation": 90, "texture": "#missing"},
				"down": {"uv": [0, 0, 2, 8], "rotation": 270, "texture": "#missing"}
			}
		},
		{
			"from": [7.75, 11.75, 3.5],
			"to": [7.75, 19.25, 11],
			"rotation": {"angle": 45, "axis": "y", "origin": [7.75, 11.75, 7.25]},
			"faces": {
				"north": {"uv": [0, 0, 2, 8], "texture": "#missing"},
				"east": {"uv": [4, 2.5, 11.5, 10], "texture": "#1"},
				"south": {"uv": [0, 0, 2, 8], "texture": "#missing"},
				"west": {"uv": [4, 2.5, 11.5, 10], "texture": "#1"},
				"up": {"uv": [0, 0, 2, 8], "texture": "#missing"},
				"down": {"uv": [0, 0, 2, 8], "texture": "#missing"}
			}
		}
	],
	"gui_light": "front",
	"display": {
		"thirdperson_righthand": {
			"translation": [0, 1.5, 0.5],
			"scale": [0.5, 0.5, 0.5]
		},
		"thirdperson_lefthand": {
			"translation": [0, 1.5, 0.5],
			"scale": [0.5, 0.5, 0.5]
		},
		"firstperson_righthand": {
			"translation": [0, 4.25, 2.5],
			"scale": [0.5, 0.5, 0.5]
		},
		"firstperson_lefthand": {
			"translation": [0, 4.25, 3],
			"scale": [0.5, 0.5, 0.5]
		},
		"gui": {
			"rotation": [27, 48, 0]
		},
		"head": {
			"translation": [0, 14.5, 0]
		},
		"fixed": {
			"translation": [0, 0, 0.25]
		}
	},
	"groups": [
		{
			"name": "stem",
			"origin": [0, 0, 0],
			"color": 0,
			"children": [0, 1, 2]
		},
		3,
		4,
		5,
		6
	]
}