{
	"credit": "Made with Blockbench",
	"ambientocclusion": false,
	"textures": {
		"0": "block/flowers/cornflower",
		"particle": "block/flowers/cornflower"
	},
	"elements": [
		{
			"from": [7.25, 9.9, 8.05],
			"to": [8.75, 11.4, 8.05],
			"rotation": {"angle": 45, "axis": "y", "origin": [8, 10, 8]},
			"faces": {
				"north": {"uv": [14.5, 14.5, 16, 16], "texture": "#0"},
				"east": {"uv": [0, 0, 0, 1.5], "texture": "#missing"},
				"south": {"uv": [14.5, 14.5, 16, 16], "texture": "#0"},
				"west": {"uv": [0, 0, 0, 1.5], "texture": "#missing"},
				"up": {"uv": [0, 0, 1.5, 0], "texture": "#missing"},
				"down": {"uv": [0, 0, 1.5, 0], "texture": "#missing"}
			}
		},
		{
			"from": [5, 0, 8],
			"to": [9, 9, 8],
			"rotation": {"angle": 22.5, "axis": "y", "origin": [7, 0, 3]},
			"faces": {
				"north": {"uv": [5, 7, 9, 16], "texture": "#0"},
				"east": {"uv": [0, 0, 2, 9], "texture": "#missing"},
				"south": {"uv": [9, 7, 5, 16], "texture": "#0"},
				"west": {"uv": [0, 0, 2, 9], "texture": "#missing"},
				"up": {"uv": [0, 0, 2, 4], "rotation": 90, "texture": "#missing"},
				"down": {"uv": [0, 0, 2, 4], "rotation": 270, "texture": "#missing"}
			}
		},
		{
			"from": [7.5, 8.5, 7.5],
			"to": [8.5, 10, 8.5],
			"rotation": {"angle": 0, "axis": "y", "origin": [7, 0, 3]},
			"faces": {
				"north": {"uv": [0, 14.5, 1, 16], "texture": "#0"},
				"east": {"uv": [0, 14.5, 1, 16], "texture": "#0"},
				"south": {"uv": [0, 14.5, 1, 16], "texture": "#0"},
				"west": {"uv": [0, 14.5, 1.5, 16], "texture": "#0"},
				"down": {"uv": [0, 14.5, 1, 15.5], "texture": "#0"}
			}
		},
		{
			"from": [5.25, 10, 5.25],
			"to": [10.75, 10, 10.75],
			"rotation": {"angle": 0, "axis": "y", "origin": [7, 0, 3]},
			"faces": {
				"north": {"uv": [0, 0, 5.5, 0], "texture": "#missing"},
				"east": {"uv": [0, 0, 5.5, 0], "texture": "#missing"},
				"south": {"uv": [0, 0, 5.5, 0], "texture": "#missing"},
				"west": {"uv": [0, 0, 5.5, 0], "texture": "#missing"},
				"up": {"uv": [0, 0, 5.5, 5.5], "texture": "#0"},
				"down": {"uv": [0, 0, 5.5, 5.5], "texture": "#0"}
			}
		},
		{
			"from": [5.25, 9.9, 5.25],
			"to": [10.75, 9.9, 7.75],
			"rotation": {"angle": 22.5, "axis": "x", "origin": [8, 10, 8]},
			"faces": {
				"north": {"uv": [0, 0, 5.5, 0], "texture": "#missing"},
				"east": {"uv": [0, 0, 2.5, 0], "texture": "#missing"},
				"south": {"uv": [0, 0, 5.5, 0], "texture": "#missing"},
				"west": {"uv": [0, 0, 2.5, 0], "texture": "#missing"},
				"up": {"uv": [6, 0, 11.5, 2.5], "texture": "#0"},
				"down": {"uv": [6, 2.5, 11.5, 0], "texture": "#0"}
			}
		},
		{
			"from": [8.25, 10.15, 5.25],
			"to": [10.75, 10.15, 10.75],
			"rotation": {"angle": -22.5, "axis": "z", "origin": [8, 10.25, 8]},
			"faces": {
				"north": {"uv": [0, 0, 2.5, 0], "texture": "#missing"},
				"east": {"uv": [0, 0, 5.5, 0], "texture": "#missing"},
				"south": {"uv": [0, 0, 2.5, 0], "texture": "#missing"},
				"west": {"uv": [0, 0, 5.5, 0], "texture": "#missing"},
				"up": {"uv": [6, 0, 11.5, 2.5], "rotation": 90, "texture": "#0"},
				"down": {"uv": [6, 2.5, 11.5, 0], "rotation": 270, "texture": "#0"}
			}
		},
		{
			"from": [5.25, 10.15, 8.25],
			"to": [10.75, 10.15, 10.75],
			"rotation": {"angle": 22.5, "axis": "x", "origin": [8, 10.25, 8]},
			"faces": {
				"north": {"uv": [0, 0, 5.5, 0], "texture": "#missing"},
				"east": {"uv": [0, 0, 2.5, 0], "texture": "#missing"},
				"south": {"uv": [0, 0, 5.5, 0], "texture": "#missing"},
				"west": {"uv": [0, 0, 2.5, 0], "texture": "#missing"},
				"up": {"uv": [6, 0, 11.5, 2.5], "rotation": 180, "texture": "#0"},
				"down": {"uv": [6, 2.5, 11.5, 0], "rotation": 180, "texture": "#0"}
			}
		},
		{
			"from": [5.25, 10.15, 5.25],
			"to": [7.75, 10.15, 10.75],
			"rotation": {"angle": 22.5, "axis": "z", "origin": [8, 10.25, 8]},
			"faces": {
				"north": {"uv": [0, 0, 2.5, 0], "texture": "#missing"},
				"east": {"uv": [0, 0, 5.5, 0], "texture": "#missing"},
				"south": {"uv": [0, 0, 2.5, 0], "texture": "#missing"},
				"west": {"uv": [0, 0, 5.5, 0], "texture": "#missing"},
				"up": {"uv": [6, 0, 11.5, 2.5], "rotation": 270, "texture": "#0"},
				"down": {"uv": [6, 2.5, 11.5, 0], "rotation": 90, "texture": "#0"}
			}
		},
		{
			"from": [5.25, 10.15, 5.25],
			"to": [10.75, 10.15, 7.75],
			"rotation": {"angle": -22.5, "axis": "x", "origin": [8, 10.25, 8]},
			"faces": {
				"north": {"uv": [0, 0, 5.5, 0], "texture": "#missing"},
				"east": {"uv": [0, 0, 2.5, 0], "texture": "#missing"},
				"south": {"uv": [0, 0, 5.5, 0], "texture": "#missing"},
				"west": {"uv": [0, 0, 2.5, 0], "texture": "#missing"},
				"up": {"uv": [6, 0, 11.5, 2.5], "texture": "#0"},
				"down": {"uv": [6, 2.5, 11.5, 0], "texture": "#0"}
			}
		},
		{
			"from": [5.25, 9.9, 5.25],
			"to": [7.75, 9.9, 10.75],
			"rotation": {"angle": -22.5, "axis": "z", "origin": [8, 10, 8]},
			"faces": {
				"north": {"uv": [0, 0, 2.5, 0], "texture": "#missing"},
				"east": {"uv": [0, 0, 5.5, 0], "texture": "#missing"},
				"south": {"uv": [0, 0, 2.5, 0], "texture": "#missing"},
				"west": {"uv": [0, 0, 5.5, 0], "texture": "#missing"},
				"up": {"uv": [6, 0, 11.5, 2.5], "rotation": 270, "texture": "#0"},
				"down": {"uv": [6, 2.5, 11.5, 0], "rotation": 90, "texture": "#0"}
			}
		},
		{
			"from": [5.25, 9.9, 8.25],
			"to": [10.75, 9.9, 10.75],
			"rotation": {"angle": -22.5, "axis": "x", "origin": [8, 10, 8]},
			"faces": {
				"north": {"uv": [0, 0, 5.5, 0], "texture": "#missing"},
				"east": {"uv": [0, 0, 2.5, 0], "texture": "#missing"},
				"south": {"uv": [0, 0, 5.5, 0], "texture": "#missing"},
				"west": {"uv": [0, 0, 2.5, 0], "texture": "#missing"},
				"up": {"uv": [6, 0, 11.5, 2.5], "rotation": 180, "texture": "#0"},
				"down": {"uv": [6, 2.5, 11.5, 0], "rotation": 180, "texture": "#0"}
			}
		},
		{
			"from": [8.25, 9.9, 5.25],
			"to": [10.75, 9.9, 10.75],
			"rotation": {"angle": 22.5, "axis": "z", "origin": [8, 10, 8]},
			"faces": {
				"north": {"uv": [0, 0, 2.5, 0], "texture": "#missing"},
				"east": {"uv": [0, 0, 5.5, 0], "texture": "#missing"},
				"south": {"uv": [0, 0, 2.5, 0], "texture": "#missing"},
				"west": {"uv": [0, 0, 5.5, 0], "texture": "#missing"},
				"up": {"uv": [6, 0, 11.5, 2.5], "rotation": 90, "texture": "#0"},
				"down": {"uv": [6, 2.5, 11.5, 0], "rotation": 270, "texture": "#0"}
			}
		},
		{
			"from": [7.25, 9.9, 8.05],
			"to": [8.75, 11.4, 8.05],
			"rotation": {"angle": -45, "axis": "y", "origin": [8, 10, 8]},
			"faces": {
				"north": {"uv": [14.5, 14.5, 16, 16], "texture": "#0"},
				"east": {"uv": [0, 0, 0, 1.5], "texture": "#missing"},
				"south": {"uv": [14.5, 14.5, 16, 16], "texture": "#0"},
				"west": {"uv": [0, 0, 0, 1.5], "texture": "#missing"},
				"up": {"uv": [0, 0, 1.5, 0], "texture": "#missing"},
				"down": {"uv": [0, 0, 1.5, 0], "texture": "#missing"}
			}
		}
	],
	"display": {
		"thirdperson_righthand": {
			"rotation": [0, 31, 0],
			"translation": [0, 4, 0.5]
		},
		"thirdperson_lefthand": {
			"rotation": [0, 31, 0],
			"translation": [0, 4, 0.5]
		},
		"firstperson_righthand": {
			"translation": [0, 2.75, 2.5],
			"scale": [0.75, 0.75, 0.75]
		},
		"firstperson_lefthand": {
			"rotation": [0, -39, 0],
			"translation": [0, 2.75, 2.25],
			"scale": [0.75, 0.75, 0.75]
		},
		"gui": {
			"rotation": [27, 20, 0],
			"translation": [0.25, 1.75, 0],
			"scale": [1.2, 1.2, 1.2]
		},
		"head": {
			"translation": [0, 14.5, 0]
		},
		"fixed": {
			"translation": [0, 0, 0.25]
		}
	},
	"groups": [
		{
			"name": "flower",
			"origin": [1, 10, 5],
			"color": 0,
			"children": []
		},
		{
			"name": "flower",
			"origin": [1, 10, 5],
			"color": 0,
			"children": [0, 1, 2, 3, 4, 5, 6, 7, 8, 9, 10, 11, 12]
		},
		{
			"name": "flower",
			"origin": [1, 10, 5],
			"color": 0,
			"children": []
		}
	]
}