{
	"parent": "minecraft:item/generated",
	"textures": {
	  "layer0": "minecraft:item/dried_kelp"
	},
	"overrides": [
	  {
		"predicate": {
		  "custom_model_data": 1
		},
		"model": "item/custom/potion_0"
	  },{
		"predicate": {
		  "custom_model_data": 2
		},
		"model": "item/custom/potion_1"
	  },{
		"predicate": {
		  "custom_model_data": 3
		},
		"model": "item/custom/potion_2"
	  },{
		"predicate": {
		  "custom_model_data": 4
		},
		"model": "item/custom/potion_3"
	  },{
		"predicate": {
		  "custom_model_data": 5
		},
		"model": "item/custom/potion_4"
	  },{
		"predicate": {
		  "custom_model_data": 6
		},
		"model": "item/custom/potion_5"
	  }
	]
  }