{
	"credit": "Made with Blockbench",
	"ambientocclusion": false,
	"textures": {
		"particle": "block/iron_bars",
		"bars": "block/iron_bars"
	},
	"elements": [
		{
			"from": [7, 3, 1],
			"to": [9, 4.5, 7],
			"faces": {
				"north": {"uv": [0, 11.5, 2, 13], "texture": "#bars"},
				"east": {"uv": [0, 11.5, 6, 13], "texture": "#bars"},
				"south": {"uv": [14, 11.5, 16, 13], "texture": "#bars"},
				"west": {"uv": [0, 11.5, 6, 13], "texture": "#bars"},
				"up": {"uv": [2, 4.5, 4, 10.5], "texture": "#bars"},
				"down": {"uv": [12, 5, 14, 11], "texture": "#bars"}
			}
		},
		{
			"from": [7, 12, 1],
			"to": [9, 13.5, 7],
			"rotation": {"angle": 0, "axis": "y", "origin": [8, 17, 8]},
			"faces": {
				"north": {"uv": [0, 2.5, 2, 4], "texture": "#bars"},
				"east": {"uv": [0, 2.5, 6, 4], "texture": "#bars"},
				"south": {"uv": [14, 2.5, 16, 4], "texture": "#bars"},
				"west": {"uv": [0, 2.5, 6, 4], "texture": "#bars"},
				"up": {"uv": [12, 4.5, 14, 10.5], "texture": "#bars"},
				"down": {"uv": [2, 4.5, 4, 10.5], "texture": "#bars"}
			}
		},
		{
			"from": [7, 3, 9],
			"to": [9, 4.5, 15],
			"faces": {
				"north": {"uv": [0, 11.5, 2, 13], "texture": "#bars"},
				"east": {"uv": [0, 11.5, 6, 13], "texture": "#bars"},
				"south": {"uv": [14, 11.5, 16, 13], "texture": "#bars"},
				"west": {"uv": [0, 11.5, 6, 13], "texture": "#bars"},
				"up": {"uv": [2, 4.5, 4, 10.5], "texture": "#bars"},
				"down": {"uv": [12, 5, 14, 11], "texture": "#bars"}
			}
		},
		{
			"from": [7, 12, 9],
			"to": [9, 13.5, 15],
			"rotation": {"angle": 0, "axis": "y", "origin": [8, 17, 8]},
			"faces": {
				"north": {"uv": [0, 2.5, 2, 4], "texture": "#bars"},
				"east": {"uv": [0, 2.5, 6, 4], "texture": "#bars"},
				"south": {"uv": [14, 2.5, 16, 4], "texture": "#bars"},
				"west": {"uv": [0, 2.5, 6, 4], "texture": "#bars"},
				"up": {"uv": [12, 4.5, 14, 10.5], "texture": "#bars"},
				"down": {"uv": [2, 4.5, 4, 10.5], "texture": "#bars"}
			}
		},
		{
			"from": [7, 0, 2.5],
			"to": [9, 16, 4.5],
			"faces": {
				"north": {"uv": [12, 0, 14, 16], "texture": "#bars"},
				"east": {"uv": [2, 0, 4, 16], "texture": "#bars"},
				"south": {"uv": [12, 0, 14, 16], "texture": "#bars"},
				"west": {"uv": [2, 0, 4, 16], "texture": "#bars"},
				"up": {"uv": [12, 6.5, 14, 8.5], "texture": "#bars"},
				"down": {"uv": [12, 6.5, 14, 8.5], "texture": "#bars"}
			}
		},
		{
			"from": [7, 0, 11.5],
			"to": [9, 16, 13.5],
			"faces": {
				"north": {"uv": [12, 0, 14, 16], "texture": "#bars"},
				"east": {"uv": [2, 0, 4, 16], "texture": "#bars"},
				"south": {"uv": [12, 0, 14, 16], "texture": "#bars"},
				"west": {"uv": [2, 0, 4, 16], "texture": "#bars"},
				"up": {"uv": [12, 6.5, 14, 8.5], "texture": "#bars"},
				"down": {"uv": [12, 6.5, 14, 8.5], "texture": "#bars"}
			}
		},
		{
			"from": [7, 0, 7],
			"to": [9, 16, 9],
			"faces": {
				"north": {"uv": [12, 0, 14, 16], "texture": "#bars"},
				"east": {"uv": [2, 0, 4, 16], "texture": "#bars"},
				"south": {"uv": [12, 0, 14, 16], "texture": "#bars"},
				"west": {"uv": [2, 0, 4, 16], "texture": "#bars"},
				"up": {"uv": [12, 6.5, 14, 8.5], "texture": "#bars"},
				"down": {"uv": [12, 6.5, 14, 8.5], "texture": "#bars"}
			}
		}
	],
	"display": {
		"thirdperson_righthand": {
			"scale": [0.5, 0.5, 0.5]
		},
		"thirdperson_lefthand": {
			"scale": [0.5, 0.5, 0.5]
		},
		"firstperson_righthand": {
			"translation": [0, 3, 0],
			"scale": [0.5, 0.5, 0.5]
		},
		"firstperson_lefthand": {
			"translation": [0, 3, 0],
			"scale": [0.5, 0.5, 0.5]
		},
		"ground": {
			"translation": [0, 2.75, 0],
			"scale": [0.7, 0.7, 0.7]
		},
		"gui": {
			"rotation": [27.1, -61.87, 21.1]
		},
		"fixed": {
			"rotation": [0, 90, 0]
		}
	}
}