{
	"credit": "Made with Blockbench",
	"textures": {
		"1": "item/shield_disabled",
		"particle": "item/shield_disabled"
	},
	"elements": [
		{
			"from": [0, 0, 8],
			"to": [16, 16, 8],
			"faces": {
				"north": {"uv": [0, 0, 16, 16], "texture": "#1"},
				"east": {"uv": [0, 0, 0, 16], "texture": "#1"},
				"south": {"uv": [0, 0, 16, 16], "texture": "#1"},
				"west": {"uv": [0, 0, 0, 16], "texture": "#1"},
				"up": {"uv": [0, 0, 16, 0], "texture": "#1"},
				"down": {"uv": [0, 0, 16, 0], "texture": "#1"}
			}
		}
	],
	"display": {
		"thirdperson_lefthand": {
			"rotation": [0, -90, 0],
			"translation": [2.25, -1.75, 0],
			"scale": [1.5, 1.5, 1.5]
		},
		"firstperson_lefthand": {
			"rotation": [4, -4, -7],
			"translation": [-1.25, -3.75, 0],
			"scale": [0, 0, 0]
		},
		"gui": {
			"rotation": [0, -13, -9],
			"translation": [0, -0.5, 0],
			"scale": [1.4, 1.5, 1.2]
		}
	}
}