{
	"credit": "Made with Blockbench",
	"ambientocclusion": false,
	"textures": {
		"0": "block/soul_torch",
		"1": "block/soul_flame",
		"particle": "block/soul_torch"
	},
	"elements": [
		{
			"from": [7, 0, 7],
			"to": [9, 9.5, 9],
			"faces": {
				"up": {"uv": [0, 0, 2, 2], "texture": "#0"},
				"down": {"uv": [7, 14, 9, 16], "texture": "#0"}
			}
		},
		{
			"from": [6, 0, 7],
			"to": [10, 10.5, 7],
			"faces": {
				"north": {"uv": [6, 5.5, 10, 16], "texture": "#0"},
				"east": {"uv": [0, 0, 0, 10.5], "texture": "#missing"},
				"south": {"uv": [6, 5.5, 10, 16], "texture": "#0"},
				"west": {"uv": [0, 0, 0, 10.5], "texture": "#missing"},
				"up": {"uv": [0, 0, 2, 0], "texture": "#missing"},
				"down": {"uv": [0, 0, 2, 0], "texture": "#missing"}
			}
		},
		{
			"from": [9, 0, 6],
			"to": [9, 10.5, 10],
			"faces": {
				"north": {"uv": [0, 0, 0, 10.5], "texture": "#missing"},
				"east": {"uv": [6, 5.5, 10, 16], "texture": "#0"},
				"south": {"uv": [0, 0, 0, 10.5], "texture": "#missing"},
				"west": {"uv": [6, 5.5, 10, 16], "texture": "#0"},
				"up": {"uv": [0, 0, 2, 0], "rotation": 90, "texture": "#missing"},
				"down": {"uv": [0, 0, 2, 0], "rotation": 270, "texture": "#missing"}
			}
		},
		{
			"from": [6, 0, 9],
			"to": [10, 10.5, 9],
			"faces": {
				"north": {"uv": [6, 5.5, 10, 16], "texture": "#0"},
				"east": {"uv": [0, 0, 0, 10.5], "texture": "#missing"},
				"south": {"uv": [6, 5.5, 10, 16], "texture": "#0"},
				"west": {"uv": [0, 0, 0, 10.5], "texture": "#missing"},
				"up": {"uv": [0, 0, 2, 0], "rotation": 180, "texture": "#missing"},
				"down": {"uv": [0, 0, 2, 0], "rotation": 180, "texture": "#missing"}
			}
		},
		{
			"from": [7, 0, 6],
			"to": [7, 10.5, 10],
			"faces": {
				"north": {"uv": [0, 0, 0, 10.5], "texture": "#missing"},
				"east": {"uv": [6, 5.5, 10, 16], "texture": "#0"},
				"south": {"uv": [0, 0, 0, 10.5], "texture": "#missing"},
				"west": {"uv": [6, 5.5, 10, 16], "texture": "#0"},
				"up": {"uv": [0, 0, 2, 0], "rotation": 270, "texture": "#missing"},
				"down": {"uv": [0, 0, 2, 0], "rotation": 90, "texture": "#missing"}
			}
		},
		{
			"name": "fire",
			"from": [0, 9.5, 7.7],
			"to": [0, 17, 15.2],
			"rotation": {"angle": 45, "axis": "y", "origin": [0, 0, 0]},
			"faces": {
				"north": {"uv": [0, 0, 0, 8], "texture": "#1"},
				"east": {"uv": [0, 0, 16, 16], "texture": "#1"},
				"south": {"uv": [0, 0, 0, 8], "texture": "#1"},
				"west": {"uv": [0, 0, 16, 16], "texture": "#1"},
				"up": {"uv": [0, 0, 0, 8], "texture": "#missing"},
				"down": {"uv": [0, 0, 0, 8], "texture": "#missing"}
			}
		},
		{
			"name": "fire",
			"from": [-3.8, 9.5, 11.2],
			"to": [3.7, 17, 11.2],
			"rotation": {"angle": 45, "axis": "y", "origin": [0, 0, 0]},
			"faces": {
				"north": {"uv": [0, 0, 16, 16], "texture": "#1"},
				"east": {"uv": [0, 0, 0, 8], "texture": "#1"},
				"south": {"uv": [0, 0, 16, 16], "texture": "#1"},
				"west": {"uv": [0, 0, 0, 8], "texture": "#1"},
				"up": {"uv": [0, 0, 0, 8], "rotation": 90, "texture": "#missing"},
				"down": {"uv": [0, 0, 0, 8], "rotation": 270, "texture": "#missing"}
			}
		}
	],
	"gui_light": "front",
	"display": {
		"thirdperson_righthand": {
			"translation": [0, 2, 1.25]
		},
		"thirdperson_lefthand": {
			"translation": [0, 2, 1.25]
		},
		"firstperson_righthand": {
			"rotation": [-8, 0, 0],
			"translation": [0.5, 3.5, 0.75],
			"scale": [0.75, 0.75, 0.75]
		},
		"firstperson_lefthand": {
			"rotation": [-8, 0, 0],
			"translation": [0.5, 3.5, 0.75],
			"scale": [0.75, 0.75, 0.75]
		},
		"gui": {
			"rotation": [5, 38, 7]
		},
		"head": {
			"translation": [0.5, 14, 0]
		}
	},
	"__createdwith": "opl's Model Creator"
}